#,Season,Name,Team,ERA,FIP,GB%,WAR,xFIP,WPA,K%,BB%,K-BB%,xERA
1,2004,Brandon Claussen,CIN,6.14,5.14,37.40%,0.7,5.38,-1.01,14.40%,11.20%,3.20%,
2,2004,Tyler Yates,NYM,6.34,5.44,55.40%,0.1,5.27,-0.96,12.10%,11.50%,0.60%,
3,2004,Nate Robertson,DET,5.05,4.59,49.30%,1.9,3.99,-0.77,17.70%,7.40%,10.30%,
4,2004,Chris Capuano,MIL,4.99,5.31,37.70%,0.4,4.43,-0.65,20.80%,9.60%,11.20%,
5,2004,Edgar Gonzalez,ARI,9.32,7.41,40.20%,-0.7,5.12,-2.07,13.60%,7.90%,5.70%,
6,2004,Sergio Mitre,CHC,6.51,4.77,60.00%,0.4,4.26,-0.83,14.70%,8.50%,6.30%,
7,2004,Mike Wood,KCR,5.94,5.07,51.50%,0.7,4.53,-0.38,12.50%,6.50%,6.00%,
8,2004,Doug Waechter,TBD,6.01,7.3,30.10%,-0.9,6.34,-1.31,11.70%,10.70%,1.00%,
9,2004,Noah Lowry,SFG,3.48,3.62,40.90%,1.7,4.01,0.32,19.70%,6.90%,12.80%,
10,2004,Casey Daigle,ARI,7.16,6.52,45.20%,-0.3,6.18,-1.39,7.40%,11.70%,-4.30%,
11,2004,Sean Burnett,PIT,5.02,5.06,56.40%,0.3,4.83,-0.25,9.40%,8.80%,0.60%,
12,2004,Daniel Cabrera,BAL,5.03,5.11,43.30%,1.2,5.79,-0.23,11.40%,13.40%,-2.00%,
13,2004,Felix Diaz,CHW,8.27,6.6,32.20%,0,4.9,-1,14.40%,6.50%,7.80%,
14,2004,Zack Greinke,KCR,3.97,4.7,34.60%,1.8,4.35,1.75,16.70%,4.30%,12.40%,
15,2004,Bobby Madritsch,SEA,3.3,3.35,40.60%,2.2,4.39,0.98,17.80%,9.30%,8.40%,
16,2004,Ben Hendrickson,MIL,5.96,5.01,50.70%,0.2,4.55,-0.66,13.90%,9.10%,4.80%,
17,2004,Chris Young,TEX,4.71,5.06,32.50%,0.5,4.76,-0.06,17.10%,6.30%,10.80%,
18,2004,Brad Hennessey,SFG,4.98,3.66,47.90%,0.6,4.35,-0.88,15.30%,9.20%,6.10%,
19,2004,Dave Bush,TOR,3.69,4.16,41.50%,1.9,4.59,1.06,15.50%,6.10%,9.50%,
20,2004,Jeff Francis,COL,5.15,5.29,44.30%,0.3,4.32,0.04,19.50%,7.90%,11.60%,
21,2005,Denny Bautista,KCR,5.8,4.06,64.00%,0.5,4.33,-0.68,14.40%,10.60%,3.80%,
22,2005,Gustavo Chacin,TOR,3.72,4.26,38.90%,2.9,4.65,1.26,13.90%,8.00%,5.80%,
23,2005,Chien-Ming Wang,NYY,4.03,4.26,64.10%,1.3,4.21,0.22,9.70%,6.70%,3.00%,
24,2005,Ezequiel Astacio,HOU,5.83,5.99,35.30%,-0.4,4.54,-1.21,18.30%,7.10%,11.10%,
25,2005,Roman Colon,2 Tms,3.27,4.93,54.40%,0.1,3.74,0.09,12.90%,5.00%,7.90%,
26,2005,Robinson Tejeda,PHI,2.87,3.8,36.30%,1.4,4.63,1.3,20.20%,12.00%,8.20%,
27,2005,Wandy Rodriguez,HOU,5.41,5.16,46.10%,0.4,4.57,-1.4,14.60%,9.70%,4.90%,
28,2005,Chris Young,TEX,4.26,3.8,32.70%,3.4,4.37,0.5,19.60%,6.40%,13.10%,
29,2005,Ervin Santana,LAA,4.65,4.43,36.60%,1.6,4.72,-0.17,17.00%,8.10%,8.90%,
30,2005,D.J. Houlton,LAD,4.97,5.23,34.10%,0.3,4.77,-0.53,16.40%,8.50%,7.90%,
31,2005,Kyle Davies,ATL,4.28,4.09,35.40%,1,4.75,0.06,16.70%,11.10%,5.60%,
32,2005,Brad Hennessey,SFG,4.64,5.01,47.40%,0.3,4.8,0.05,12.30%,10.00%,2.30%,
33,2005,Zach Duke,PIT,1.81,3,47.20%,2.2,3.61,2.41,17.00%,6.70%,10.30%,
34,2005,Kameron Loe,TEX,2.7,3.88,58.10%,0.8,4.5,0.39,8.60%,8.10%,0.50%,
35,2005,Brandon McCarthy,CHW,4.17,4.96,34.80%,0.5,4.35,0.46,16.30%,5.80%,10.40%,
36,2005,Jeff Francis,COL,5.68,4.74,37.70%,2,4.64,-1.76,15.50%,8.50%,7.00%,
37,2005,Matt Cain,SFG,2.33,4.08,29.50%,0.7,4.98,1.62,16.60%,10.50%,6.10%,
38,2005,Brad Halsey,ARI,4.5,4.52,41.10%,2,4.64,-0.81,11.90%,5.80%,6.10%,
39,2005,Félix Hernández,SEA,2.67,2.85,67.10%,2.3,2.77,1.5,23.50%,7.00%,16.50%,
40,2005,Joe Blanton,OAK,3.53,4.43,44.70%,2.2,4.58,1.56,13.90%,8.00%,5.90%,
41,2005,Hayden Penn,BAL,6.34,5.76,43.40%,0,5.27,-0.96,10.10%,11.80%,-1.70%,
42,2005,Scott Kazmir,TBD,3.77,3.76,42.30%,3.6,4.41,1.27,21.30%,12.20%,9.00%,
43,2005,Scott Baker,MIN,3.42,3.84,35.20%,0.9,4.38,0.87,15.00%,6.60%,8.50%,
44,2005,Tim Stauffer,SDP,5.4,4.63,41.30%,0.6,4.68,-1.2,13.40%,8.30%,5.10%,
45,2005,Jeff Harris,SEA,4.5,5.77,37.10%,-0.2,5.65,-0.17,9.40%,9.90%,-0.50%,
46,2005,Jason Vargas,FLA,4.14,3.69,31.80%,1.5,4.96,0.15,16.70%,9.30%,7.30%,
47,2005,J.P. Howell,KCR,6.19,5,54.70%,0.2,4.42,-1.57,16.50%,11.90%,4.60%,
48,2005,Dustin McGowan,TOR,8.13,6.17,40.30%,-0.2,5.36,-0.89,13.90%,9.70%,4.20%,
49,2005,Paul Maholm,PIT,2.18,3.84,55.40%,0.6,4.21,0.93,15.50%,10.10%,5.40%,
50,2006,John Koronka,TEX,5.69,5.19,42.30%,0.8,5.31,-0.08,11.00%,8.50%,2.50%,
51,2006,Adam Loewen,BAL,4.95,3.91,49.20%,2,4.5,-0.52,19.30%,12.30%,6.90%,
52,2006,Angel Guzman,CHC,9.28,6.19,32.30%,-0.1,5.17,-1.45,21.20%,13.40%,7.80%,
53,2006,Boof Bonser,MIN,4.22,4.55,41.70%,1,4.08,0.4,20.00%,5.70%,14.30%,
54,2006,John Rheinecker,TEX,6.03,4.46,58.30%,0.9,4.47,-0.18,7.60%,5.00%,2.60%,
55,2006,Taylor Buchholz,HOU,6.08,5.33,44.10%,0.5,4.45,-0.99,16.30%,7.30%,9.00%,
56,2006,Fernando Nieve,HOU,4.67,5.64,38.10%,0.1,4.96,0.09,14.70%,7.10%,7.50%,
57,2006,Tim Corcoran,TBD,4.41,4.99,39.80%,0.6,5.22,-0.63,15.00%,12.30%,2.70%,
58,2006,Enrique Gonzalez,ARI,5.88,4.76,44.20%,1.2,4.81,-1.15,13.60%,7.70%,5.90%,
59,2006,Mike Thompson,SDP,5.14,5.43,48.90%,0,5.13,-1.24,8.90%,7.40%,1.50%,
60,2006,Carlos Marmol,CHC,5.99,6.71,28.70%,-0.4,6.65,-0.83,14.60%,17.50%,-2.90%,
61,2006,Zach Miner,DET,5.31,4.6,47.00%,0.9,4.51,-0.49,13.30%,7.50%,5.80%,
62,2006,Chris Young,SDP,3.46,4.6,25.40%,2.2,4.68,2.29,22.30%,9.40%,12.90%,
63,2006,Francisco Liriano,MIN,1.92,2.81,56.70%,2.9,2.54,2.77,29.70%,7.40%,22.30%,
64,2006,Roberto Hernandez,CLE,6.08,5.9,53.60%,-0.2,4.93,-0.42,13.80%,10.20%,3.60%,
65,2006,Aníbal Sánchez,FLA,2.37,3.92,45.00%,2.1,4.9,2.95,15.10%,9.90%,5.20%,
66,2006,Matt Garza,MIN,6.29,4.86,33.10%,0.4,5.1,-0.78,16.40%,10.60%,5.80%,
67,2006,Juan Mateo,CHC,5.56,5.02,41.60%,0.4,4.62,-0.56,17.10%,10.60%,6.50%,
68,2006,Ricky Nolasco,FLA,4.96,4.94,38.70%,0.9,4.72,-0.6,15.30%,6.60%,8.70%,
69,2006,Edinson Volquez,TEX,7.29,6.6,42.70%,-0.2,5.81,-1,9.10%,10.40%,-1.20%,
70,2006,Carlos Villanueva,MIL,3.93,4.84,41.80%,0.3,4.32,0.4,17.30%,6.00%,11.30%,
71,2006,Jered Weaver,LAA,2.56,3.9,30.30%,2.5,4.37,2.66,21.40%,6.70%,14.70%,
72,2006,Joe Saunders,LAA,4.71,4.08,47.90%,1,4.37,0.62,16.90%,9.60%,7.30%,
73,2006,Scott Olsen,FLA,4.04,4.33,44.80%,2.5,4.1,0.58,21.80%,9.90%,12.00%,
74,2006,Jason Hammel,TBD,7.77,5.26,43.50%,0.3,5.05,-1.51,15.40%,10.10%,5.30%,
75,2006,Josh Johnson,FLA,3.03,3.92,45.70%,2.6,4.16,1.65,20.20%,9.70%,10.50%,
76,2006,Matt Cain,SFG,4.2,3.98,35.60%,3.7,4.6,0.88,21.90%,10.70%,11.20%,
77,2006,Scott Mathieson,PHI,8.27,5.96,37.30%,0,5.03,-1.54,15.90%,10.20%,5.70%,
78,2006,Rich Hill,CHC,4.25,4.76,29.70%,1.2,4.65,0.18,21.20%,9.50%,11.70%,
79,2006,Chuck James,ATL,3.93,5.08,27.80%,0.8,5.09,1.41,18.50%,9.10%,9.30%,
80,2006,Jon Lester,BOS,4.76,4.56,40.60%,1,5.1,0.2,16.30%,11.70%,4.60%,
81,2006,Cole Hamels,PHI,4.08,3.98,38.90%,2.6,3.73,0.96,26.00%,8.60%,17.40%,
82,2006,Brian Bannister,NYM,3.44,5.18,43.10%,0.3,6.02,0.48,11.90%,13.20%,-1.30%,
83,2006,Chad Billingsley,LAD,3.34,4.87,49.20%,0.7,5.32,0.59,15.20%,14.40%,0.80%,
84,2006,Jeff Karstens,NYY,4.17,5.38,34.30%,0.1,5.83,0.31,8.20%,5.70%,2.50%,
85,2006,Sean Marshall,CHC,5.59,5.57,46.80%,0.4,5.13,-0.33,13.70%,10.50%,3.20%,
86,2006,Shaun Marcum,TOR,4.72,5.43,36.90%,0.3,5,0.04,17.70%,9.20%,8.50%,
87,2006,Tom Gorzelanny,PIT,3.79,4.18,49.20%,1,4.92,0.32,15.00%,11.60%,3.40%,
88,2006,Jason Hirsh,HOU,6.04,6.73,30.10%,-0.2,5.92,-0.49,14.10%,10.70%,3.40%,
89,2006,Michael O'Connor,WSN,4.81,5.28,36.40%,0.5,5.55,-0.61,13.10%,10.00%,3.10%,
90,2006,James Shields,TBD,4.84,4.39,42.70%,1.7,3.99,-0.83,19.30%,7.00%,12.20%,
91,2006,Anthony Reyes,STL,5.06,5.49,34.30%,0.2,4.8,0.01,19.50%,9.20%,10.30%,
92,2006,Casey Janssen,TOR,5.22,4.82,52.90%,0.9,4.64,-0.67,10.70%,5.40%,5.40%,
93,2006,Zach Jackson,MIL,5.54,5.61,46.60%,0.1,5.26,-0.79,11.40%,8.00%,3.40%,
94,2006,Alay Soler,NYM,6,5.61,41.50%,0,5.62,-0.53,11.10%,10.10%,1.00%,
95,2006,Paul Maholm,PIT,4.76,4.81,53.00%,1.4,4.59,-0.94,14.80%,10.30%,4.60%,
96,2006,Justin Verlander,DET,3.63,4.35,41.90%,2.8,4.42,2.21,16.00%,7.70%,8.20%,
97,2006,Jeremy Sowers,CLE,3.57,4.57,48.30%,0.9,4.54,0.89,9.70%,5.60%,4.20%,
98,2007,Joel Hanrahan,WSN,6.02,6.14,30.80%,-0.2,5.52,-0.8,17.20%,15.10%,2.10%,
99,2007,Chris Sampson,HOU,4.64,5.48,47.50%,0.3,4.92,-0.29,9.20%,5.30%,3.90%,
100,2007,Chris Young,SDP,3.12,3.43,29.10%,4.3,4.44,2.2,23.70%,10.20%,13.50%,
101,2007,Matt Garza,MIN,3.78,4.23,46.60%,1.1,4.45,0.13,18.40%,8.90%,9.50%,
102,2007,Ubaldo Jiménez,COL,4.28,4.74,46.40%,0.9,4.49,0.56,19.20%,10.50%,8.80%,
103,2007,Kason Gabbard,2 Tms,4.65,4.94,54.90%,0.4,4.74,0.29,16.00%,11.90%,4.10%,
104,2007,Brian Burres,BAL,5.69,4.86,37.20%,1,4.97,-0.1,16.30%,10.50%,5.80%,
105,2007,Jesse Litsch,TOR,3.81,5.14,48.10%,0.6,4.96,0.64,10.50%,7.50%,2.90%,
106,2007,Bobby Livingston,CIN,5.27,4.61,42.10%,0.8,4.39,-0.34,10.80%,3.20%,7.60%,
107,2007,Shane Youman,PIT,6.64,4.53,38.80%,0.5,5.61,-0.91,9.90%,10.50%,-0.50%,
108,2007,Edinson Volquez,TEX,4.5,4.56,38.20%,0.5,4.55,-0.19,19.50%,10.10%,9.40%,
109,2007,Micah Owings,ARI,4.32,4.82,37.40%,1.7,4.71,-0.15,16.60%,7.80%,8.80%,
110,2007,Matt Albers,HOU,5.71,5.51,48.90%,0.2,4.85,-1.15,13.70%,8.70%,5.00%,
111,2007,Jason Hammel,TBD,6.15,5.1,40.50%,0.3,4.95,-1.18,15.40%,9.00%,6.40%,
112,2007,Franklin Morales,COL,3.43,3.8,54.90%,0.9,4.09,0.31,16.00%,8.60%,7.40%,
113,2007,Rick Van Den Hurk,FLA,6.81,5.41,27.10%,0.2,4.85,-1.95,21.70%,12.70%,8.90%,
114,2007,Mike Pelfrey,NYM,5.58,5.03,48.20%,0.4,5.08,-1.38,13.30%,11.10%,2.20%,
115,2007,Jo-Jo Reyes,ATL,6.46,6.32,46.20%,-0.4,5.47,-1.29,12.10%,12.10%,0.00%,
116,2007,Tim Lincecum,SFG,4,3.63,47.00%,3,3.81,0.88,24.30%,10.50%,13.80%,
117,2007,Brian Bannister,KCR,3.87,4.4,40.80%,2.3,4.89,0.53,11.30%,6.40%,4.80%,
118,2007,Matt Chico,WSN,4.63,5.56,33.40%,0.1,5.52,-1.09,12.60%,9.90%,2.70%,
119,2007,Kyle Kendrick,PHI,3.87,4.94,47.10%,1.1,4.57,1.33,9.80%,5.00%,4.80%,
120,2007,Aaron Laffey,CLE,4.56,3.73,62.40%,0.9,3.99,-0.07,12.10%,5.80%,6.30%,
121,2007,Jason Hirsh,COL,4.81,5.32,30.20%,0.9,5.24,-0.83,15.50%,9.90%,5.60%,
122,2007,John Danks,CHW,5.5,5.54,34.80%,0.6,4.76,-1.81,17.50%,8.70%,8.80%,
123,2007,Ryan Feierabend,SEA,10.27,7.17,35.40%,-0.6,6.23,-1.8,10.10%,10.10%,0.00%,
124,2007,Andrew Miller,DET,5.63,5.27,49.30%,0.3,4.84,-0.87,18.10%,12.60%,5.50%,
125,2007,Dustin Moseley,LAA,4.2,3.29,41.30%,1,4.57,-0.15,14.20%,5.70%,8.50%,
126,2007,John Lannan,WSN,4.15,5.43,50.80%,0,5.83,0.28,6.50%,11.10%,-4.60%,
127,2007,Phil Hughes,NYY,4.46,4.35,36.90%,1,4.58,-0.03,19.00%,9.50%,9.50%,
128,2007,Andy Sonnanstine,TBD,5.85,4.26,38.90%,1.9,4.19,-1.73,17.50%,4.70%,12.80%,
129,2007,Daisuke Matsuzaka,BOS,4.4,4.23,38.40%,2.9,4.17,1.69,23.00%,9.20%,13.80%,
130,2007,Kei Igawa,NYY,6.9,6.7,28.90%,-0.5,5.64,-1.56,16.30%,11.40%,4.80%,
131,2007,Dallas Braden,OAK,7.31,4.3,37.90%,1,4.72,-1.79,16.40%,7.70%,8.70%,
132,2007,Yovani Gallardo,MIL,3.74,3.53,37.80%,2.3,3.85,1.54,21.70%,8.20%,13.50%,
133,2007,Homer Bailey,CIN,5.76,4.92,46.50%,0.5,5.47,-0.29,13.70%,13.70%,0.00%,
134,2007,Kevin Slowey,MIN,4.6,5.33,28.10%,0.3,4.59,-0.01,15.40%,3.40%,12.00%,
135,2008,Clayton Kershaw,LAD,4.3,4.06,48.30%,1.3,3.88,0.35,21.50%,11.00%,10.50%,
136,2008,Justin Masterson,BOS,3.67,5.56,51.30%,-0.2,4.73,0.46,17.00%,12.20%,4.80%,
137,2008,Joba Chamberlain,NYY,2.76,2.9,47.60%,1.8,3.38,0.92,27.00%,9.10%,17.90%,
138,2008,Luis Mendoza,TEX,9.4,5.84,47.50%,-0.1,5.35,-2.08,9.50%,8.70%,0.90%,
139,2008,Max Scherzer,ARI,3.41,2.97,39.40%,1,2.99,-0.16,29.40%,8.60%,20.90%,
140,2008,Hiroki Kuroda,LAD,3.73,3.59,51.30%,3.3,3.89,0.54,14.90%,5.40%,9.50%,
141,2008,Greg Smith,OAK,4.16,4.82,34.20%,1.4,5.23,0.55,13.90%,10.90%,3.00%,
142,2008,Clay Buchholz,BOS,6.72,4.83,48.30%,0.5,4.18,-2.48,20.20%,11.40%,8.80%,
143,2008,Clayton Richard,CHW,6.35,4.34,49.00%,0.6,4,-0.95,13.80%,6.10%,7.70%,
144,2008,Edinson Volquez,CIN,3.24,3.54,46.30%,3.8,3.83,2.54,24.60%,11.10%,13.50%,
145,2008,Armando Galarraga,DET,3.59,4.81,43.80%,1.5,4.38,1.47,16.90%,7.90%,9.00%,
146,2008,Nick Blackburn,MIN,4.05,4.4,44.90%,1.9,4.42,0.17,11.70%,4.70%,6.90%,
147,2008,Charlie Morton,ATL,6.32,5.1,49.60%,0.1,4.89,-1.41,14.00%,11.30%,2.70%,
148,2008,Matt Harrison,TEX,5.49,5.18,40.10%,0.5,4.98,-0.98,11.30%,8.30%,3.00%,
149,2008,Jair Jurrjens,ATL,3.68,3.59,51.70%,3.3,3.92,0.34,17.10%,8.60%,8.50%,
150,2008,Josh Banks,SDP,5.19,5.19,36.40%,0.2,5.15,-0.98,11.40%,8.10%,3.30%,
151,2008,Greg Reynolds,COL,8.26,6.94,45.30%,-0.6,5.64,-1.58,6.90%,8.90%,-2.10%,
152,2008,Radhames Liz,BAL,6.72,6.17,33.70%,-0.2,5.72,-1.54,14.50%,13.00%,1.50%,
153,2008,Aaron Laffey,CLE,4.23,4.88,51.10%,0.5,4.86,-0.25,10.50%,7.60%,2.90%,
154,2008,Collin Balester,WSN,5.51,5.11,39.60%,0.5,4.87,-1.81,14.00%,7.80%,6.10%,
155,2008,Johnny Cueto,CIN,4.81,4.9,38.60%,1.1,4.31,-1.23,20.50%,8.80%,11.70%,
156,2008,Luke Hochevar,KCR,5.51,4.43,51.80%,1.3,4.64,-1.49,12.70%,8.30%,4.40%,
157,2008,Ian Kennedy,NYY,8.35,5.64,39.20%,-0.2,6.17,-1.44,13.30%,13.30%,0.00%,
158,2008,Chris Waters,BAL,5.01,5.41,47.70%,0.2,5.21,-0.45,11.30%,10.00%,1.40%,
159,2008,John Lannan,WSN,3.91,4.79,54.20%,1.2,4.24,0.35,15.00%,9.20%,5.80%,
160,2008,Sean Gallagher,2 Tms,5.17,4.4,34.90%,1.2,4.7,-1.6,20.20%,11.30%,8.90%,
161,2008,David Purcey,TOR,5.54,4.67,31.80%,0.5,4.64,-0.18,20.10%,10.00%,10.00%,
162,2008,Homer Bailey,CIN,7.93,6.41,43.50%,-0.3,5.11,-1.36,10.00%,9.40%,0.60%,
163,2008,Phil Dumatrait,PIT,5.74,4.46,42.20%,0.8,4.68,-0.94,15.20%,11.30%,3.90%,
164,2008,Burke Badenhop,FLA,6.75,5.3,55.80%,0.1,4.41,-1.23,15.10%,10.10%,5.00%,
165,2008,Garrett Olson,BAL,6.65,5.13,41.90%,0.9,5.23,-1.86,13.40%,10.00%,3.40%,
166,2008,Chris Volstad,FLA,2.95,3.76,54.10%,1.5,4.44,1.34,14.60%,9.60%,5.10%,
167,2009,Daniel McCutchen,PIT,4.21,5.19,40.50%,0.2,4.78,-0.07,12.30%,7.10%,5.20%,
168,2009,Tommy Hunter,TEX,4.1,4.4,37.70%,1.7,4.72,0.72,13.50%,6.90%,6.50%,
169,2009,Brian Matusz,BAL,4.63,4.08,31.20%,0.9,4.3,-0.05,19.40%,7.10%,12.20%,
170,2009,Brett Cecil,TOR,5.34,5.38,43.00%,0.3,4.6,0.18,16.50%,9.10%,7.40%,
171,2009,Rick Porcello,DET,3.96,4.77,54.20%,1.7,4.27,1.23,12.40%,7.20%,5.10%,
172,2009,David Price,TBR,4.42,4.59,41.50%,1.1,4.43,0.09,18.30%,9.70%,8.60%,
173,2009,Mitchell Boggs,STL,4.1,3.92,51.60%,0.7,4.58,-0.13,15.70%,11.20%,4.50%,
174,2009,Ricky Romero,TOR,4.3,4.33,54.00%,2.4,4.05,0.43,18.30%,10.20%,8.00%,
175,2009,Clayton Richard,2 Tms,4.42,4.52,46.40%,1.4,4.44,0.04,17.70%,11.20%,6.50%,
176,2009,J.D. Martin,WSN,4.44,5.67,36.50%,-0.1,5.37,-0.61,10.90%,7.00%,3.80%,
177,2009,Mat Latos,SDP,4.62,4.72,36.10%,0.3,4.6,-0.09,18.40%,10.80%,7.50%,
178,2009,Josh Outman,OAK,3.58,4.51,37.50%,0.8,4.38,0.34,18.60%,9.30%,9.30%,
179,2009,Brian Duensing,MIN,2.73,3.8,46.30%,0.9,4.36,1.19,15.30%,6.90%,8.30%,
180,2009,Derek Holland,TEX,6.23,5.17,39.80%,0.5,4.31,-1.2,18.20%,7.70%,10.40%,
181,2009,David Huff,CLE,5.61,4.69,37.80%,1.4,5.03,-0.92,11.30%,7.10%,4.20%,
182,2009,David Hernandez,BAL,5.56,6.79,28.40%,-0.6,5.61,-0.96,14.20%,10.20%,4.00%,
183,2009,Scott Richmond,TOR,5.59,5.23,34.10%,0.6,4.43,-1.98,19.20%,9.60%,9.60%,
184,2009,Sean West,FLA,4.79,4.49,40.20%,1,4.86,-0.7,15.00%,9.40%,5.60%,
185,2009,Matt Palmer,LAA,4.66,4.7,44.90%,0.7,4.84,-0.06,13.70%,10.00%,3.70%,
186,2009,Jordan Zimmermann,WSN,4.63,3.59,43.50%,1.9,3.35,-0.96,23.50%,7.40%,16.10%,
187,2009,Randy Wells,CHC,3.05,3.88,47.90%,3.1,4.18,1.92,15.00%,6.60%,8.40%,
188,2009,Josh Geer,SDP,5.62,6.24,42.60%,-1.1,4.55,-1.72,12.90%,5.10%,7.80%,
189,2009,Wade LeBlanc,SDP,3.69,4.97,36.20%,0.2,5.16,0.18,15.50%,9.80%,5.70%,
190,2009,Vin Mazzaro,OAK,5.32,4.93,39.10%,0.6,5.03,-1.64,13.90%,9.20%,4.70%,
191,2009,Chris Tillman,BAL,5.4,6.1,37.00%,-0.2,5.1,-0.56,13.70%,8.40%,5.30%,
192,2009,Jason Berken,BAL,6.54,5.31,39.00%,0.5,5.02,-2.32,11.80%,7.90%,3.90%,
193,2009,Trevor Cahill,OAK,4.63,5.33,47.80%,0.4,4.86,-0.76,11.60%,9.30%,2.30%,
194,2009,Marc Rzepczynski,TOR,3.67,4.14,51.20%,0.9,3.66,0.07,23.00%,11.50%,11.50%,
195,2009,Shairon Martis,WSN,5.25,5.48,40.40%,0.2,5.79,-1.26,9.00%,10.30%,-1.30%,
196,2009,Craig Stammen,WSN,5.11,4.68,47.10%,0.8,4.42,-1.85,10.70%,5.40%,5.40%,
197,2009,Garrett Mock,WSN,5.4,4.28,49.00%,1,4.2,-1.78,18.40%,10.00%,8.40%,
198,2009,J.A. Happ,PHI,2.99,4.46,39.00%,1.5,4.4,1.62,17.10%,7.90%,9.20%,
199,2009,Wade Davis,TBR,3.72,2.9,39.00%,1,3.49,0.61,24.00%,8.70%,15.30%,
200,2009,Gio González,OAK,5.56,4.51,46.00%,1,3.8,-0.97,24.60%,11.50%,13.00%,
201,2009,Anthony Swarzak,MIN,6.25,5.71,36.00%,-0.2,5.15,-1.03,12.70%,7.50%,5.20%,
202,2009,Luke French,2 Tms,5.29,5.24,28.50%,0.5,5.49,-0.91,13.00%,8.50%,4.40%,
203,2009,Chris Jakubauskas,SEA,6.64,4.94,44.70%,0.4,5.51,-0.78,8.80%,7.70%,1.10%,
204,2009,Brett Anderson,OAK,4.06,3.69,50.90%,3.7,3.56,-0.01,20.40%,6.10%,14.30%,
205,2009,Brad Bergesen,BAL,3.43,4.1,50.10%,2,4.36,1.2,12.50%,6.20%,6.40%,
206,2009,Jeff Niemann,TBR,3.85,4.08,40.70%,2.8,4.44,1.57,16.50%,7.80%,8.60%,
207,2009,Tommy Hanson,ATL,2.89,3.5,40.20%,2.4,3.97,2.3,22.20%,8.80%,13.40%,
208,2009,Sean O'Sullivan,LAA,6.29,6.1,36.30%,-0.3,4.89,-1.04,13.40%,6.90%,6.50%,
209,2009,Kenshin Kawakami,ATL,3.97,4.31,43.20%,1.2,4.54,0.32,16.00%,8.60%,7.30%,
210,2009,Koji Uehara,BAL,4.05,3.56,30.20%,1.8,4.42,0.11,17.20%,4.30%,12.90%,
211,2009,Doug Fister,SEA,4.2,5.11,41.40%,0.3,4.42,0.4,13.90%,5.60%,8.40%,
212,2009,Bud Norris,HOU,4.61,4.96,38.50%,0.4,4.36,0.31,21.20%,10.20%,11.00%,
213,2009,Matt Maloney,CIN,4.87,5.41,34.40%,0,4.73,-0.06,16.50%,4.70%,11.80%,
214,2009,Bobby Parnell,NYM,7.93,5.08,47.60%,0.1,4.92,-1.3,17.00%,11.50%,5.50%,
215,2010,Daniel McCutchen,PIT,6.49,6.85,38.40%,-0.7,5.65,-1.2,11.00%,10.50%,0.50%,
216,2010,Iván Nova,NYY,4.91,4.41,52.50%,0.4,4.2,0.23,15.10%,8.80%,6.30%,
217,2010,Barry Enright,ARI,3.91,5.62,35.10%,-0.3,4.96,0.57,12.00%,7.10%,4.90%,
218,2010,Carlos Monasterios,LAD,5.91,6.38,41.80%,-0.7,5.22,-1.27,11.50%,7.90%,3.60%,
219,2010,Jhoulys Chacín,COL,2.98,3.5,47.30%,2.7,3.66,0.88,22.90%,10.60%,12.30%,
220,2010,Brian Matusz,BAL,4.3,4.05,36.20%,2.8,4.31,0.89,18.80%,8.30%,10.50%,
221,2010,Luis Atilano,WSN,5.15,5,40.80%,0.3,5,-0.45,10.40%,8.30%,2.10%,
222,2010,Jake Arrieta,BAL,4.66,4.76,42.20%,0.8,5.17,-0.49,11.60%,10.70%,0.90%,
223,2010,Brad Lincoln,PIT,6.57,5.68,37.50%,-0.3,5.3,-1.37,9.10%,6.10%,3.00%,
224,2010,Jonathon Niese,NYM,4.2,4.1,47.70%,1.9,3.8,-0.76,19.20%,8.10%,11.20%,
225,2010,Sam LeCure,CIN,4.86,5.78,44.00%,-0.2,5.22,-0.26,14.20%,12.90%,1.30%,
226,2010,Mitch Talbot,CLE,4.41,4.48,47.80%,1.4,4.85,-1.37,12.60%,9.90%,2.70%,
227,2010,Alex Sanabia,FLA,3.66,3.53,35.40%,1.3,4.55,0.75,13.90%,5.60%,8.20%,
228,2010,Madison Bumgarner,SFG,3,3.65,45.10%,1.7,3.85,1.07,18.20%,5.50%,12.70%,
229,2010,John Ely,LAD,5.49,4.38,45.80%,0.7,4.09,-1.14,17.70%,9.30%,8.40%,
230,2010,Esmil Rogers,COL,6.34,3.42,53.70%,0.9,3.89,-1.07,16.00%,7.20%,8.80%,
231,2010,Carlos Carrasco,CLE,3.83,4.13,56.80%,0.4,3.42,0.27,20.20%,7.40%,12.80%,
232,2010,Trevor Bell,LAA,4.66,3.19,39.80%,0.9,4.3,-0.57,16.60%,9.20%,7.40%,
233,2010,Daniel Hudson,2 Tms,2.45,3.38,35.20%,2.3,3.76,2.35,22.60%,7.30%,15.30%,
234,2010,Dillon Gee,NYM,2.18,4.2,47.00%,0.3,5,0.37,12.50%,11.00%,1.50%,
235,2010,Wade Davis,TBR,4.07,4.79,39.20%,1.1,4.61,-0.15,15.70%,8.60%,7.10%,
236,2010,Jaime García,STL,2.7,3.41,55.90%,2.4,3.62,1.46,19.00%,9.20%,9.80%,
237,2010,Casey Coleman,CHC,3.33,4.27,49.40%,0.5,4.9,0.31,10.60%,9.70%,1.00%,
238,2010,Jeanmar Gómez,CLE,4.68,4.73,46.80%,0.3,4.57,-0.56,12.80%,8.30%,4.50%,
239,2010,Josh Tomlin,CLE,4.56,4.58,28.40%,0.7,4.76,-0.3,14.30%,6.30%,8.00%,
240,2010,Travis Wood,CIN,3.51,3.42,30.50%,2.1,3.97,1.32,20.50%,6.20%,14.30%,
241,2010,Mike Minor,ATL,6.18,3.82,35.20%,0.5,3.63,-1.21,23.00%,5.60%,17.40%,
242,2010,Hisanori Takahashi,NYM,5.01,4.59,36.70%,0.4,4.21,0.09,19.20%,7.50%,11.70%,
243,2010,Mike Leake,CIN,3.78,4.54,50.20%,0.9,4.18,0.18,14.80%,8.10%,6.70%,
244,2010,Stephen Strasburg,WSN,2.91,2.08,47.80%,2.3,2.04,1.12,33.60%,6.20%,27.40%,
245,2011,Blake Beavan,SEA,4.27,4.46,38.10%,0.8,4.45,-0.38,10.40%,3.70%,6.70%,
246,2011,Marco Estrada,MIL,3.7,3.87,45.10%,0.4,3.55,0.52,20.00%,6.10%,13.90%,
247,2011,Charlie Furbush,2 Tms,6.83,5.15,41.80%,0,4.13,-2.25,17.90%,6.70%,11.20%,
248,2011,Cory Luebke,SDP,3.31,3.16,35.60%,2,3.03,-0.05,27.30%,7.10%,20.10%,
249,2011,Iván Nova,NYY,3.66,4.01,52.90%,1.9,4.15,0.36,14.00%,8.10%,5.90%,
250,2011,Zack Britton,BAL,4.61,4,52.80%,1.9,4.12,-1.03,14.60%,9.30%,5.30%,
251,2011,Danny Duffy,KCR,5.64,4.82,37.50%,0.6,4.53,-1.8,18.40%,10.80%,7.60%,
252,2011,Rubby De La Rosa,LAD,3.88,4.07,48.30%,0.4,3.64,-0.24,23.30%,12.70%,10.60%,
253,2011,Tyler Chatwood,LAA,4.81,4.88,46.70%,0,4.95,-1.37,11.80%,11.50%,0.30%,
254,2011,Kyle Drabek,TOR,5.7,5.5,44.80%,-0.2,5.15,-1.03,14.30%,15.50%,-1.20%,
255,2011,Jeremy Hellickson,TBR,2.95,4.44,35.00%,2,4.72,1.7,15.10%,9.30%,5.80%,
256,2011,Scott Diamond,MIN,5.08,4.36,46.20%,0.3,4.87,-0.29,10.50%,9.40%,1.10%,
257,2011,Guillermo Moscoso,OAK,3.38,4.28,27.20%,1.4,5.04,-0.2,13.90%,7.20%,6.60%,
258,2011,Michael Pineda,SEA,3.74,3.42,36.30%,3.5,3.53,0.52,24.90%,7.90%,17.00%,
259,2011,Henderson Alvarez III,TOR,3.53,3.97,53.50%,0.7,3.38,0.08,15.40%,3.10%,12.40%,
260,2011,Randall Delgado,ATL,2.83,5.14,38.40%,-0.2,4.97,0.32,12.20%,9.50%,2.70%,
261,2011,Vance Worley,PHI,3.02,3.24,39.10%,2.3,3.64,1.3,21.20%,7.80%,13.40%,
262,2011,Alex Cobb,TBR,3.42,3.61,54.00%,0.9,3.9,0.38,16.50%,9.40%,7.10%,
263,2011,Henry Sosa,HOU,5.23,4.77,44.40%,0.2,4.5,-0.68,16.50%,10.00%,6.50%,
264,2011,Josh Collmenter,ARI,3.59,3.9,30.70%,1.9,4.33,1.48,15.60%,4.70%,10.80%,
265,2011,Dillon Gee,NYM,4.32,4.59,47.60%,0.5,4.44,-0.8,16.00%,9.90%,6.10%,
266,2011,Zach Stewart,2 Tms,6,4.74,49.50%,0.2,3.91,-0.75,13.70%,5.80%,7.90%,
267,2011,Jordan Lyles,HOU,5.02,4.45,39.90%,0.5,4.15,-1.47,15.60%,5.90%,9.70%,
268,2011,Juan Nicasio,COL,4.14,3.65,45.90%,1.3,3.43,-0.17,19.40%,6.00%,13.40%,
269,2011,Wade Miley,ARI,4.15,4.79,46.00%,0,4.32,0.04,14.40%,10.30%,4.00%,
270,2011,Brandon Beachy,ATL,3.68,3.19,33.80%,2.4,3.16,0.81,28.60%,7.80%,20.80%,
271,2011,Aneury Rodriguez,HOU,5.8,5.11,27.60%,0.1,5,-1.07,14.50%,7.80%,6.70%,
272,2011,Brad Hand,FLA,4.2,5.73,28.60%,-0.4,5.63,-0.79,14.40%,13.30%,1.10%,
273,2011,Mike Minor,ATL,4.14,3.39,37.10%,1.1,3.62,0.36,21.30%,8.30%,13.00%,
274,2011,Alex White,2 Tms,7.01,7.08,46.10%,-0.9,4.92,-1.69,15.60%,10.50%,5.10%,
275,2012,Matt Moore,TBR,3.81,3.93,37.40%,2.4,4.35,-0.89,23.10%,10.70%,12.40%,
276,2012,Jeremy Hefner,NYM,5.32,3.34,41.20%,1.3,4.06,-1.44,17.40%,4.60%,12.80%,
277,2012,Corey Kluber,CLE,5.14,4.28,44.80%,0.8,3.99,-1.3,19.20%,6.40%,12.80%,
278,2012,Zach McAllister,CLE,4.24,4.24,40.50%,1.7,4.11,-1.5,20.30%,7.00%,13.30%,
279,2012,Travis Blackley,OAK,4.54,4,45.50%,1,4.25,-0.09,16.80%,7.00%,9.80%,
280,2012,Liam Hendriks,MIN,5.59,5.57,41.00%,-0.1,4.75,-1.66,13.10%,6.80%,6.30%,
281,2012,Jarrod Parker,OAK,3.47,3.43,44.30%,3.7,3.95,1.79,18.60%,8.40%,10.30%,
282,2012,Scott Diamond,MIN,3.54,3.94,53.40%,2.4,3.93,-0.1,12.60%,4.30%,8.30%,
283,2012,Randall Delgado,ATL,4.42,4.14,50.20%,0.5,4.21,-0.63,18.30%,10.60%,7.80%,
284,2012,David Phelps,NYY,3.77,4.49,42.90%,0.4,4.16,0.28,22.40%,9.50%,12.90%,
285,2012,Miguel González,BAL,3.36,4.63,36.10%,0.9,4.65,1.28,16.90%,7.80%,9.10%,
286,2012,Lucas Harrell,HOU,3.76,3.75,57.20%,2.7,3.89,0.43,16.90%,9.40%,7.50%,
287,2012,Tommy Milone,OAK,3.74,3.93,38.10%,3.1,4.02,0.75,17.30%,4.60%,12.80%,
288,2012,Mike Fiers,MIL,3.77,3.13,32.50%,2.7,3.51,0.72,24.80%,6.70%,18.10%,
289,2012,Tyson Ross,OAK,6.45,4.85,48.50%,0.3,4.87,-1.32,13.10%,10.20%,2.90%,
290,2012,Christian Friedrich,COL,6.17,4.63,42.20%,0.8,4.06,-0.93,19.60%,8.00%,11.70%,
291,2012,Will Smith,KCR,5.32,4.66,42.00%,0.7,4.64,-1.69,14.90%,8.30%,6.60%,
292,2012,Cole De Vries,MIN,3.99,4.81,30.90%,0.6,4.71,0.03,15.60%,4.90%,10.70%,
293,2012,Tyler Cloyd,PHI,4.91,5.25,32.30%,-0.1,4.19,-0.6,21.70%,5.10%,16.70%,
294,2012,Wade Miley,ARI,3.34,3.04,42.40%,4.1,3.7,1.05,18.50%,4.30%,14.20%,
295,2012,Nathan Eovaldi,2 Tms,4.3,4.13,45.50%,1.2,4.56,-0.59,14.80%,8.90%,5.90%,
296,2012,Dylan Axelrod,CHW,5.03,4.85,43.20%,0.2,4.66,-0.18,17.30%,7.50%,9.80%,
297,2012,Patrick Corbin,ARI,4.91,4.1,44.70%,0.9,3.79,-0.59,18.20%,5.20%,13.00%,
298,2012,Dallas Keuchel,HOU,5.27,5.74,52.10%,-0.5,5.12,-1.23,10.10%,10.30%,-0.30%,
299,2012,Dan Straily,OAK,3.89,6.48,30.00%,-0.4,5.3,-0.1,18.60%,9.30%,9.30%,
300,2012,Joe Kelly,STL,3.74,4.2,53.10%,0.5,4.08,-0.06,15.10%,8.20%,6.90%,
301,2012,Garrett Richards,LAA,4.42,4.98,48.00%,0.1,5.01,-0.6,14.30%,11.40%,3.00%,
302,2012,Jacob Turner,2 Tms,4.42,4.79,45.20%,0.2,4.34,-0.32,15.60%,6.90%,8.70%,
303,2012,Erasmo Ramírez,SEA,3.64,3.24,37.00%,1.2,3.52,0.18,22.00%,4.30%,17.70%,
304,2012,Drew Hutchison,TOR,4.6,4.48,44.60%,0.5,4.03,-0.73,19.10%,7.80%,11.30%,
305,2012,A.J. Griffin,OAK,3.06,3.85,37.50%,1.4,4.02,0.65,19.00%,5.70%,13.40%,
306,2012,Jose Quintana,CHW,3.97,4.29,47.90%,1.5,4.25,0.68,14.30%,7.40%,7.00%,
307,2012,Drew Pomeranz,COL,4.93,4.81,43.90%,0.8,4.49,-0.65,19.10%,10.60%,8.50%,
308,2012,Matt Harvey,NYM,2.73,3.3,38.10%,1.3,3.49,0.54,28.60%,10.60%,18.00%,
309,2012,Drew Smyly,DET,3.79,3.77,39.90%,1.8,3.87,-0.21,22.30%,6.60%,15.70%,
310,2012,Andrew Werner,SDP,5.58,4.09,52.80%,0.4,3.93,-0.93,19.80%,7.90%,11.90%,
311,2012,Hisashi Iwakuma,SEA,2.65,3.9,50.90%,1.3,3.61,0.91,19.90%,7.10%,12.80%,
312,2012,Wei-Yin Chen,BAL,4.02,4.42,37.10%,2.2,4.34,-0.1,18.80%,7.00%,11.90%,
313,2012,Yu Darvish,TEX,3.9,3.29,46.20%,4.7,3.52,1.3,27.10%,10.90%,16.20%,
314,2013,André Rienzo,CHW,4.82,5.85,47.80%,-0.4,4.76,-0.63,15.20%,11.20%,4.00%,
315,2013,Brett Oberholtzer,HOU,2.24,3.39,36.30%,1.4,4.18,1.05,15.80%,5.00%,10.80%,
316,2013,Ethan Martin,PHI,6.55,6.11,29.30%,-0.4,4.86,-1.01,22.60%,13.80%,8.80%,
317,2013,Pedro Hernandez,MIN,7.36,5.58,41.00%,-0.3,5.16,-1.62,11.60%,9.50%,2.10%,
318,2013,Brandon Maurer,SEA,6.2,4.83,42.30%,0.2,4.22,-1.92,16.90%,6.80%,10.10%,
319,2013,Brad Peacock,HOU,5,4.74,36.70%,0.4,4.31,-0.72,22.10%,10.00%,12.10%,
320,2013,Danny Salazar,CLE,3.12,3.16,34.40%,1.2,2.75,0.25,30.80%,7.10%,23.70%,
321,2013,Chris Archer,TBR,3.22,4.07,46.80%,1.1,3.91,1.01,19.20%,7.20%,12.00%,
322,2013,Tom Koehler,MIA,4.51,4.38,47.60%,0.5,4.32,-1.33,14.90%,8.60%,6.30%,
323,2013,Julio Teheran,ATL,3.2,3.69,37.80%,2.6,3.76,1.06,22.00%,5.80%,16.10%,
324,2013,Martín Pérez,TEX,3.62,4.23,48.10%,1.4,4.04,0.73,15.90%,7.00%,8.90%,
325,2013,Jonathan Pettibone,PHI,4.04,4.18,49.40%,0.9,4.3,-0.63,15.10%,8.70%,6.40%,
326,2013,Wily Peralta,MIL,4.37,4.3,51.00%,0.9,4.13,-1.08,16.10%,9.10%,7.00%,
327,2013,Andrew Albers,MIN,4.05,3.96,43.50%,0.9,4.42,-0.37,10.00%,2.80%,7.20%,
328,2013,Stephen Fife,LAD,3.04,4.17,51.90%,0.4,3.84,-0.31,18.20%,7.40%,10.80%,
329,2013,Tyler Cloyd,PHI,6.96,4.56,37.70%,0.3,4.74,-1.19,14.20%,7.90%,6.30%,
330,2013,Donovan Hand,MIL,4.17,6.1,44.20%,-0.5,4.74,-0.36,12.40%,6.50%,5.90%,
331,2013,Dan Straily,OAK,3.96,4.05,36.40%,1.9,4.42,0.45,19.40%,8.90%,10.50%,
332,2013,Chris Rusin,CHC,3.93,4.75,48.10%,0.2,4.46,0.11,12.80%,8.50%,4.30%,
333,2013,Todd Redmond,TOR,4.41,4.35,29.10%,0.7,4.07,0.03,24.50%,7.10%,17.30%,
334,2013,Kyle Gibson,MIN,6.53,5.17,50.30%,-0.1,4.77,-1.43,12.20%,8.40%,3.80%,
335,2013,Tyler Skaggs,ARI,5.12,4.86,44.80%,0,3.95,-0.67,21.20%,8.80%,12.40%,
336,2013,Shelby Miller,STL,3.06,3.67,38.40%,2.1,3.73,1.1,23.40%,7.90%,15.50%,
337,2013,Jarred Cosart,HOU,1.95,4.35,54.50%,0.4,4.68,1.42,13.40%,14.20%,-0.80%,
338,2013,Zack Wheeler,NYM,3.42,4.17,43.20%,1,4.21,-0.1,19.50%,10.70%,8.80%,
339,2013,Robbie Erlin,SDP,3.93,3.66,37.30%,0.8,3.95,0.42,17.90%,6.90%,11.00%,
340,2013,Taylor Jordan,WSN,3.66,3.49,57.50%,0.7,3.8,-0.51,13.20%,5.00%,8.20%,
341,2013,Chad Bettis,COL,5.02,5.07,48.90%,0.1,4.83,-0.59,13.10%,10.20%,2.80%,
342,2013,Tyler Thornburg,MIL,1.47,2.65,35.30%,1.1,4.11,1.05,20.00%,9.40%,10.60%,
343,2013,Tyler Lyons,STL,5.56,3.9,46.30%,0.3,4.14,-0.68,17.60%,7.40%,10.10%,
344,2013,José Fernández,MIA,2.19,2.73,45.10%,4.2,3.08,3.53,27.50%,8.50%,18.90%,
345,2013,Nick Tepesch,TEX,4.87,4.16,49.30%,1,3.64,-0.98,19.40%,6.20%,13.20%,
346,2013,Justin Grimm,TEX,6.37,4.79,43.80%,0.4,4.21,-1.83,16.70%,7.60%,9.10%,
347,2013,Tony Cingrani,CIN,2.77,3.85,33.80%,1.5,3.48,0.72,28.30%,9.40%,19.00%,
348,2013,Sonny Gray,OAK,2.85,2.83,53.60%,1.4,2.99,0.53,24.80%,7.70%,17.10%,
349,2013,Gerrit Cole,PIT,3.22,2.91,49.10%,2.4,3.14,0.95,21.30%,6.00%,15.40%,
350,2013,Alex Wood,ATL,3.54,3.05,46.30%,1.2,3.57,-0.01,22.00%,9.00%,13.10%,
351,2013,Michael Wacha,STL,2.83,3.25,44.20%,0.9,3.78,0.62,21.10%,7.80%,13.30%,
352,2013,Hyun Jin Ryu,LAD,3,3.24,50.60%,3.8,3.46,1.51,19.70%,6.30%,13.40%,
353,2014,Scott Carroll,CHW,5.4,4.84,53.90%,0.2,4.66,-2,10.00%,7.50%,2.50%,
354,2014,Allen Webster,BOS,5.03,4.35,46.00%,0.2,4.97,-0.78,13.90%,10.80%,3.10%,
355,2014,Matt Shoemaker,LAA,2.89,2.88,41.90%,2.5,3.24,1.06,22.80%,4.40%,18.50%,
356,2014,Yohan Flande,COL,5.77,4.08,57.30%,0.6,3.76,-0.68,13.60%,6.40%,7.30%,
357,2014,Jake Odorizzi,TBR,4.13,3.75,29.90%,1.8,3.9,-0.22,24.20%,8.20%,16.00%,
358,2014,Trevor May,MIN,7.89,4.82,34.60%,0.3,4.34,-1.63,20.80%,9.90%,10.90%,
359,2014,Chase Anderson,ARI,4.01,4.22,39.90%,0.6,3.67,0.57,21.60%,8.20%,13.40%,
360,2014,Yohan Pino,MIN,5.07,3.94,28.60%,0.9,4.08,-0.79,19.40%,5.40%,14.00%,
361,2014,Collin McHugh,HOU,2.73,3.11,42.10%,3,3.11,1.37,25.40%,6.60%,18.70%,
362,2014,TJ House,CLE,3.39,3.7,60.50%,1.1,3.09,1.11,18.80%,5.20%,13.60%,
363,2014,Kyle Lobstein,DET,4.28,3.76,45.20%,0.5,4.03,-0.22,17.30%,7.20%,10.10%,
364,2014,Vidal Nuño,2 Tms,4.29,4.39,38.10%,0.8,4.11,-1.44,18.90%,6.60%,12.40%,
365,2014,David Hale,ATL,2.45,3.65,46.50%,0.5,4.38,-0.02,15.90%,11.60%,4.30%,
366,2014,Tyler Matzek,COL,4,3.73,50.00%,2,3.86,0.77,18.30%,8.60%,9.60%,
367,2014,Jimmy Nelson,MIL,4.76,3.82,48.60%,0.8,3.93,-1.32,18.60%,6.30%,12.30%,
368,2014,Shane Greene,NYY,3.79,3.64,50.00%,1,3.31,0.26,23.50%,7.60%,15.90%,
369,2014,Christian Bergman,COL,5.93,4.74,32.70%,0.3,4.55,-0.58,12.40%,4.00%,8.40%,
370,2014,Jacob deGrom,NYM,2.69,2.67,45.40%,3.6,3.03,1.47,25.50%,7.60%,17.90%,
371,2014,Chase Whitley,NYY,4.76,3.81,46.90%,0.7,3.79,-0.22,16.80%,4.70%,12.10%,
372,2014,Mike Bolsinger,ARI,5.47,4.06,53.20%,0.3,3.25,-1.44,20.40%,6.80%,13.60%,
373,2014,David Buchanan,PHI,3.75,4.27,50.70%,1,4.14,-1.05,14.10%,6.40%,7.80%,
374,2014,Brandon Cumpton,PIT,4.98,3.22,44.40%,0.8,4.09,-0.3,13.70%,6.00%,7.60%,
375,2014,Anthony Ranaudo,BOS,4.81,6.89,34.10%,-0.8,5.79,-0.4,8.80%,9.40%,-0.60%,
376,2014,James Paxton,SEA,3.04,3.28,54.80%,1.1,3.54,0.49,19.50%,9.60%,9.90%,
377,2014,Yordano Ventura,KCR,3.23,3.64,47.90%,2.5,3.77,1.02,20.10%,8.90%,11.20%,
378,2014,Kyle Hendricks,CHC,2.46,3.32,47.80%,1.6,3.92,1.21,14.60%,4.70%,10.00%,
379,2014,Blake Treinen,WSN,3,3.6,62.80%,0.4,4.14,-0.17,10.70%,7.30%,3.30%,
380,2014,Roenis Elías,SEA,3.85,4.03,45.40%,1.1,3.95,-0.01,20.60%,9.20%,11.40%,
381,2014,Trevor Bauer,CLE,4.18,4.01,35.30%,1.4,4.14,-1.58,21.60%,9.00%,12.50%,
382,2014,Nick Martinez,TEX,4.9,5.13,33.60%,0.1,5.28,-1.99,12.10%,8.90%,3.20%,
383,2014,Rafael Montero,NYM,3.98,5.16,33.90%,0,4.29,-0.47,21.40%,11.20%,10.20%,
384,2014,Tsuyoshi Wada,CHC,3.25,3.75,35.90%,1,3.96,0.06,19.70%,6.60%,13.10%,
385,2014,Jesse Hahn,SDP,2.96,3.43,49.70%,0.8,3.63,0.29,22.60%,10.10%,12.50%,
386,2014,Marcus Stroman,TOR,3.29,2.79,53.70%,3.3,3.16,0.87,21.10%,5.50%,15.60%,
387,2014,Kevin Gausman,BAL,3.57,3.41,41.40%,2,3.93,0.65,18.50%,8.00%,10.50%,
388,2014,Masahiro Tanaka,NYY,2.77,3.04,46.60%,2.9,2.58,1.81,26.00%,3.90%,22.10%,
389,2014,Odrisamer Despaigne,SDP,3.36,3.74,52.10%,0.8,4.01,-0.82,16.10%,7.90%,8.20%,
390,2015,Carlos Frías,LAD,4.42,4.38,54.00%,0.2,4.24,-0.42,13.00%,7.50%,5.50%,
391,2015,Mike Montgomery,SEA,4.6,4.67,51.20%,0.2,4.44,-0.58,16.20%,9.40%,6.80%,
392,2015,Trevor May,MIN,4.43,3.35,38.00%,1.9,3.96,0.05,20.30%,5.00%,15.30%,
393,2015,Alex Colomé,TBR,4.7,4.64,40.70%,0.4,4.59,-0.21,15.00%,8.20%,6.80%,
394,2015,Steven Wright,BOS,3.96,4.87,41.90%,0.1,4.7,0.14,18.10%,7.70%,10.40%,
395,2015,John Lamb,CIN,5.8,4.16,37.70%,0.6,3.73,-0.92,26.40%,8.60%,17.70%,
396,2015,Kyle Lobstein,DET,6.1,4.56,51.40%,0.6,4.71,-0.67,11.40%,8.40%,3.00%,
397,2015,Keyvius Sampson,CIN,6.66,4.87,38.80%,0.3,5.08,-1.64,16.10%,10.50%,5.60%,
398,2015,Chris Heston,SFG,3.95,4.02,53.00%,1.3,3.98,-0.44,18.90%,8.60%,10.30%,
399,2015,Mike Foltynewicz,ATL,5.68,5.17,33.80%,-0.1,4.63,-1.53,19.00%,7.30%,11.70%,
400,2015,Vince Velasquez,HOU,4.03,3.27,28.80%,0.9,4.26,0.17,24.40%,9.00%,15.40%,
401,2015,Robbie Ray,ARI,3.52,3.53,43.30%,2.3,4.03,0.39,21.80%,9.00%,12.80%,
402,2015,Aaron Sanchez,TOR,3.55,5.21,58.10%,-0.1,4.64,0.2,14.90%,13.20%,1.80%,
403,2015,José Ureña,MIA,4.86,4.43,48.40%,0.3,5.08,-0.43,10.40%,9.00%,1.50%,
404,2015,Williams Pérez,ATL,4.61,4.74,50.80%,0.2,4.76,-0.37,14.30%,9.50%,4.80%,
405,2015,Justin Nicolino,MIA,4.01,4.85,44.40%,0.1,5.3,0.43,7.60%,6.60%,1.00%,
406,2015,Noah Syndergaard,NYM,3.24,3.25,46.50%,2.9,2.91,0.47,27.50%,5.10%,22.40%,
407,2015,Matt Andriese,TBR,3.57,4.15,47.40%,0.3,4.39,-0.08,15.40%,6.00%,9.40%,
408,2015,Aaron Brooks,OAK,6.33,4.93,42.50%,0.2,4.46,-0.25,15.70%,6.00%,9.70%,
409,2015,Chris Bassitt,OAK,3.58,3.41,45.80%,1.6,4.15,0.1,17.90%,6.70%,11.20%,
410,2015,Nick Tropeano,LAA,3.93,2.59,38.10%,1.1,3.57,-0.08,24.20%,6.40%,17.80%,
411,2015,Adam Morgan,PHI,4.48,4.88,30.60%,0.5,5.12,-0.49,13.90%,4.80%,9.10%,
412,2015,Mike Wright Jr.,BAL,6.48,6.13,36.60%,-0.3,5.49,-0.66,13.80%,7.90%,5.80%,
413,2015,Nate Karns,TBR,3.69,4.05,42.30%,1.5,3.91,0.75,23.20%,9.00%,14.10%,
414,2015,Jerad Eickhoff,PHI,2.65,3.25,37.90%,1.2,3.6,0.85,24.10%,6.40%,17.70%,
415,2015,Cody Anderson,CLE,3.05,4.27,45.90%,1,4.57,1.26,12.10%,6.60%,5.50%,
416,2015,Matt Wisler,ATL,4.79,4.95,33.50%,0.3,5.07,-0.29,14.90%,8.30%,6.60%,
417,2015,Archie Bradley,ARI,5.8,4.96,58.00%,0,5.15,-0.58,14.30%,13.70%,0.60%,
418,2015,Joe Ross,WSN,3.79,3.42,49.50%,1.4,3.57,0.19,22.50%,6.60%,15.90%,
419,2015,Anthony DeSclafani,CIN,4.05,3.67,45.10%,3.1,3.97,-0.65,19.20%,7.00%,12.20%,
420,2015,Taylor Jungmann,MIL,3.77,3.92,46.30%,1.5,4.1,0.48,21.40%,9.40%,12.00%,
421,2015,Henry Owens,BOS,4.57,4.28,34.70%,0.7,5.01,-0.49,18.40%,8.80%,9.60%,
422,2015,Eduardo Rodriguez,BOS,3.85,3.92,43.00%,1.8,4.05,0.72,18.80%,7.10%,11.70%,
423,2015,Zach Davies,MIL,3.71,3.81,57.60%,0.5,3.96,0.32,17.30%,10.80%,6.50%,
424,2015,Steven Matz,NYM,2.27,3.61,45.50%,0.5,3.56,0.64,22.80%,6.70%,16.10%,
425,2015,Eddie Butler,COL,5.9,5.89,50.00%,-0.3,5.18,-2.05,11.90%,11.40%,0.50%,
426,2015,Daniel Norris,2 Tms,3.75,4.63,39.30%,0.5,4.63,0.15,17.90%,7.60%,10.40%,
427,2015,Tyler Duffey,MIN,3.1,3.24,49.70%,1.3,3.64,0.54,21.90%,8.30%,13.60%,
428,2015,Lance McCullers Jr.,HOU,3.22,3.26,46.50%,2.5,3.49,0.4,24.80%,8.30%,16.50%,
429,2015,Adam Conley,MIA,3.68,3.66,40.40%,1.1,4.09,0.13,22.20%,7.70%,14.50%,
430,2015,Chi Chi González,TEX,4.03,4.82,49.20%,0.2,5.12,0.43,11.00%,11.00%,0.00%,
431,2015,Michael Lorenzen,CIN,5.45,5.48,41.10%,-0.4,4.9,-1.41,16.10%,11.40%,4.80%,
432,2015,Jon Gray,COL,5.53,3.63,42.40%,0.9,3.83,-0.37,21.60%,7.60%,14.10%,
433,2015,Andrew Heaney,LAA,3.49,3.73,38.30%,1.6,4.41,1.08,17.80%,6.40%,11.40%,
434,2015,Matthew Boyd,2 Tms,7.46,6.63,31.90%,-0.6,5.18,-2.09,17.30%,8.00%,9.20%,
435,2015,Kendall Graveman,OAK,4.05,4.6,50.00%,0.5,4.3,-0.16,15.30%,7.60%,7.80%,
436,2015,Luis Severino,NYY,2.89,4.37,50.30%,0.7,3.72,1.02,22.00%,8.60%,13.30%,
437,2015,Carlos Rodón,CHW,3.79,3.87,46.90%,1.7,3.94,1.12,23.50%,11.70%,11.80%,
438,2015,Aaron Nola,PHI,3.59,4.03,47.60%,1,3.58,0.76,21.40%,6.00%,15.40%,
439,2015,Raisel Iglesias,CIN,4,3.58,47.00%,1.6,3.21,-0.17,27.00%,7.10%,19.80%,
440,2016,Junior Guerra,MIL,2.81,3.71,45.30%,2.3,4.29,2.14,20.30%,8.70%,11.60%,
441,2016,Albert Suárez,SFG,4.28,4.98,51.10%,-0.1,4.46,-0.17,15.50%,7.50%,7.90%,
442,2016,John Lamb,CIN,6.43,5.46,42.10%,0.4,4.72,-1.11,18.20%,9.70%,8.50%,
443,2016,Tim Adleman,CIN,4,5.3,36.40%,0.1,5.15,-0.17,16.40%,7.00%,9.40%,
444,2016,Pat Dean,MIN,6.85,5.85,44.40%,-0.1,5.11,-0.85,14.20%,9.50%,4.70%,
445,2016,Tyrell Jenkins,ATL,6.3,7.2,49.60%,-0.8,6.1,-0.14,9.90%,14.40%,-4.40%,
446,2016,Jameson Taillon,PIT,3.38,3.71,52.40%,1.7,3.43,0.9,20.30%,4.10%,16.30%,
447,2016,Colin Rea,2 Tms,4.78,4.61,45.00%,0.6,4.72,-1.03,17.80%,9.60%,8.20%,
448,2016,Seth Lugo,NYM,2.68,4.93,41.30%,0,4.91,0.96,15.20%,7.90%,7.30%,
449,2016,Mike Wright Jr.,BAL,6.22,5.57,41.30%,0.1,5.08,-1.14,16.40%,8.50%,7.80%,
450,2016,Tyler Wilson,BAL,5.67,5.3,44.40%,0.2,5.04,-1.27,12.10%,5.90%,6.20%,
451,2016,Mike Clevinger,CLE,5.93,5.68,35.20%,-0.1,5.22,-0.64,19.60%,13.00%,6.50%,
452,2016,Joel De La Cruz,ATL,5.09,5.47,44.00%,-0.2,5.13,-1.17,11.70%,7.80%,3.90%,
453,2016,Tyler Anderson,COL,3.54,3.59,50.90%,2.4,3.64,1.27,20.70%,5.90%,14.90%,
454,2016,Dylan Bundy,BAL,4.52,5.24,38.60%,0.4,4.45,-0.43,23.50%,9.80%,13.70%,
455,2016,Archie Bradley,ARI,5.02,4.1,45.10%,2,4.1,-1.08,22.40%,10.50%,11.90%,
456,2016,Joe Musgrove,HOU,4.37,4.48,44.30%,0.5,4.27,0.15,19.50%,6.20%,13.30%,
457,2016,Zach Davies,MIL,3.97,3.89,45.50%,2.5,3.94,0.81,19.80%,5.60%,14.20%,
458,2016,Michael Fulmer,DET,3.06,3.76,49.10%,3.1,3.95,1.44,20.40%,6.50%,13.90%,
459,2016,Ross Stripling,LAD,4.52,4.02,48.50%,0.8,4.23,-0.52,17.00%,7.10%,9.90%,
460,2016,Luis Cessa,NYY,4.01,5.14,45.00%,0.3,4.21,-0.01,17.10%,3.90%,13.20%,
461,2016,Steven Matz,NYM,3.4,3.39,51.10%,2.5,3.3,1.01,23.60%,5.70%,17.90%,
462,2016,Blake Snell,TBR,3.54,3.39,36.50%,1.8,4.35,-0.2,24.40%,12.70%,11.70%,
463,2016,Robert Stephenson,CIN,6.08,6.5,34.50%,-0.3,5.5,-0.89,18.20%,11.20%,7.10%,
464,2016,Robert Gsellman,NYM,2.63,2.39,55.50%,1.3,3.05,0.83,23.70%,7.10%,16.60%,
465,2016,Zach Eflin,PHI,5.54,5.48,36.20%,0.1,5.36,-0.11,11.40%,6.30%,5.10%,
466,2016,César Vargas,SDP,5.03,4.82,53.80%,0.1,4.28,-0.21,18.20%,9.70%,8.40%,
467,2016,José Berríos,MIN,8.02,6.2,38.00%,-0.3,5.64,-2.35,17.40%,12.50%,5.00%,
468,2016,Jake Thompson,PHI,5.7,6.17,46.40%,-0.4,5.64,-0.78,13.50%,11.80%,1.70%,
469,2016,Luis Perdomo,SDP,4.85,4.69,61.10%,0.5,3.82,-1.79,15.90%,5.90%,10.00%,
470,2016,Julio Urías,LAD,3.25,3.02,41.20%,1.7,3.66,0.69,25.80%,9.10%,16.80%,
471,2016,Zack Godley,ARI,7.31,5.42,49.10%,0,4.75,-1.41,15.20%,7.60%,7.60%,
472,2016,Jon Gray,COL,4.61,3.6,43.50%,3.6,3.61,0.29,26.00%,8.30%,17.70%,
473,2016,Aaron Blair,ATL,7.59,6.15,39.70%,-0.6,5.66,-1.98,14.20%,10.50%,3.70%,
474,2016,Chad Kuhl,PIT,4.2,3.95,44.30%,0.9,4.53,0.05,17.60%,6.60%,11.00%,
475,2016,Braden Shipley,ARI,4.76,5.89,40.00%,-0.3,5.1,0.07,14.10%,9.30%,4.80%,
476,2016,Daniel Wright,2 Tms,5.66,5.03,37.80%,0.2,5.27,-1.06,12.40%,5.20%,7.20%,
477,2016,Cody Reed,CIN,7.36,6.06,51.90%,-0.3,4.29,-2.11,18.70%,8.30%,10.40%,
478,2016,Chad Green,NYY,5.94,6.09,35.30%,-0.2,3.81,-0.42,27.20%,7.40%,19.80%,
479,2016,Sean Manaea,OAK,3.87,4.08,44.50%,2,3.95,0.91,20.80%,6.40%,14.40%,
480,2016,Luke Weaver,STL,4.54,3.79,31.30%,0.5,3.1,-0.38,27.80%,7.00%,20.90%,
481,2016,Daniel Mengden,OAK,6.5,4.34,39.50%,0.8,4.57,-2.34,21.40%,9.90%,11.40%,
482,2016,Aríel Miranda,SEA,3.44,5.31,30.80%,0.2,5.19,0.28,18.10%,8.30%,9.70%,
483,2016,Kenta Maeda,LAD,3.48,3.58,43.90%,2.9,3.7,0.99,25.00%,7.00%,18.00%,
484,2017,Austin Bibens-Dirkx,TEX,4.72,6.94,41.90%,-0.3,5.54,0.14,10.60%,6.30%,4.20%,
485,2017,Parker Bridwell,LAA,3.76,4.9,37.80%,0.8,5.12,0.77,15.10%,6.30%,8.80%,
486,2017,Sam Gaviglio,2 Tms,4.35,5.83,49.50%,-0.2,4.88,-0.1,14.90%,8.10%,6.80%,
487,2017,Alex Meyer,LAA,3.74,4.14,46.50%,0.9,4.38,0.21,25.70%,14.40%,11.30%,
488,2017,Adalberto Mejía,MIN,4.5,4.65,39.30%,1,5.03,-0.2,19.20%,9.90%,9.30%,
489,2017,Lucas Sims,ATL,5.79,5.38,37.70%,0,5.21,-0.5,16.90%,9.10%,7.80%,
490,2017,Robert Stephenson,CIN,3.41,4.26,38.20%,0.9,4.98,0.3,22.00%,14.20%,7.90%,
491,2017,Jakob Junis,KCR,4.16,4.45,40.50%,1.1,4.75,0.58,18.50%,5.10%,13.40%,
492,2017,Jharel Cotton,OAK,5.58,5.68,37.00%,-0.1,5.38,-2.09,18.60%,9.40%,9.20%,
493,2017,Sal Romano,CIN,4.45,4.24,50.40%,1.4,4.47,-0.67,19.00%,9.60%,9.40%,
494,2017,Robert Gsellman,NYM,5.29,4.99,49.50%,0.5,4.83,-1.9,14.60%,7.70%,6.90%,
495,2017,Jake Faria,TBR,3.42,4.14,39.50%,1.3,4.46,0.45,23.20%,9.10%,14.10%,
496,2017,Chris Stratton,SFG,2.98,4.23,40.90%,0.6,4.52,0.62,19.80%,11.30%,8.60%,
497,2017,Chris Flexen,NYM,7.78,7.17,39.90%,-0.7,6.31,-1.31,14.10%,14.60%,-0.50%,
498,2017,Brent Suter,MIL,3.45,3.83,46.30%,1.4,4.02,0.51,18.60%,5.50%,13.10%,
499,2017,Ty Blach,SFG,4.81,4.4,47.20%,1.3,4.85,-0.68,11.10%,5.50%,5.50%,
500,2017,Tyler Glasnow,PIT,7.89,6.21,42.90%,-0.3,5.37,-2.69,18.80%,12.40%,6.40%,
501,2017,Amir Garrett,CIN,7.49,7.48,42.40%,-1.1,5.15,-1.99,19.90%,11.80%,8.20%,
502,2017,Paul Blackburn,OAK,3.22,4.38,56.30%,0.6,4.76,0.61,9.20%,6.70%,2.50%,
503,2017,Dylan Covey,CHW,7.67,6.98,47.00%,-0.8,5.58,-1.86,13.00%,10.30%,2.70%,
504,2017,Ben Lively,PHI,4.26,4.97,38.20%,0.9,5.58,-0.36,14.00%,6.50%,7.50%,
505,2017,Germán Márquez,COL,4.39,4.4,45.20%,2.4,4.18,0.92,21.00%,7.00%,14.00%,
506,2017,Austin Pruitt,TBR,4.19,4.9,46.20%,0.2,4.59,-0.05,17.70%,5.10%,12.60%,
507,2017,Nick Pivetta,PHI,6.02,4.87,43.80%,1.3,4.26,-1.32,24.00%,9.80%,14.20%,
508,2017,Lucas Giolito,CHW,2.38,4.94,45.00%,0.3,4.42,0.62,19.00%,6.70%,12.30%,
509,2017,Antonio Senzatela,COL,5.03,5,48.70%,0.9,4.47,0.45,16.70%,8.30%,8.50%,
510,2017,Mark Leiter Jr.,PHI,5.19,5.33,45.70%,0.3,4.24,-0.78,20.80%,5.70%,15.10%,
511,2017,Luis Castillo,CIN,3.12,3.74,58.80%,1.9,3.41,1.06,27.30%,8.90%,18.40%,
512,2017,Brandon Woodruff,MIL,4.81,4.37,47.40%,0.5,4.72,0.53,17.40%,7.60%,9.80%,
513,2017,Daniel Gossett,OAK,6.11,5.59,43.10%,-0.1,4.53,-2.26,17.40%,7.50%,9.90%,
514,2017,Kyle Freeland,COL,4.15,4.69,54.60%,1.9,4.76,0.71,15.00%,9.20%,5.70%,
515,2017,Reynaldo López,CHW,4.72,4.75,30.20%,0.6,5.75,-0.25,14.50%,6.80%,7.70%,
516,2017,Jordan Montgomery,NYY,3.88,4.07,40.70%,2.6,4.45,0.77,22.20%,7.90%,14.30%,
517,2017,Luke Weaver,STL,4.23,3.12,50.70%,1.3,2.73,0.3,29.60%,6.00%,23.60%,
518,2017,Sean Newcomb,ATL,4.32,4.19,43.80%,1.1,4.52,-0.64,23.70%,12.50%,11.20%,
519,2017,Trevor Williams,PIT,3.96,3.91,49.80%,2.6,4.35,0.9,18.20%,7.60%,10.50%,
520,2017,Dinelson Lamet,SDP,4.57,4.35,37.10%,1.4,4.2,-0.45,28.70%,11.10%,17.50%,
521,2017,Jeff Hoffman,COL,5.28,4.69,42.90%,1.1,5,0.31,18.10%,8.40%,9.70%,
522,2017,Andrew Moore,SEA,5.26,5.96,27.80%,-0.2,5.82,-0.77,10.90%,2.80%,8.10%,
523,2018,Nick Kingham,PIT,5.32,5.67,39.70%,-0.3,4.56,-1.23,20.20%,7.50%,12.80%,
524,2018,Matt Koch,ARI,4.68,6.45,43.10%,-1.1,5.1,-0.34,12.00%,6.80%,5.20%,
525,2018,Corey Oswalt,NYM,4.72,5.65,42.80%,-0.2,4.81,-0.88,16.50%,7.20%,9.30%,
526,2018,Brian Johnson,BOS,4.15,5.17,36.00%,0.1,4.91,0.36,19.80%,8.60%,11.20%,
527,2018,Dereck Rodríguez,SFG,2.89,3.81,39.60%,1.6,4.57,1.18,17.90%,7.20%,10.70%,
528,2018,Caleb Smith,MIA,4.19,3.96,28.40%,1.2,4.42,-0.08,27.00%,10.10%,16.90%,
529,2018,Yefry Ramírez,BAL,6.92,5.88,32.10%,0,5.52,-1,21.40%,12.90%,8.50%,
530,2018,Brad Keller,KCR,3.28,3.56,52.90%,2.4,4.3,1.51,16.80%,8.70%,8.10%,
531,2018,Fernando Romero,MIN,4.69,4.35,46.20%,0.7,4.55,-0.21,18.20%,7.70%,10.50%,
532,2018,Ryne Stanek,TBR,3.37,3.81,33.00%,0.7,3.88,0.49,32.70%,10.50%,22.20%,
533,2018,David Hess,BAL,4.84,5.77,35.00%,0.1,5.52,-0.54,15.90%,8.20%,7.70%,
534,2018,Eric Skoglund,KCR,5.29,5.1,41.20%,0.2,4.87,-0.67,16.80%,6.30%,10.50%,
535,2018,Ryan Borucki,TOR,3.87,3.8,46.80%,1.7,4.62,-0.38,16.10%,8.00%,8.20%,
536,2018,Tyler Mahle,CIN,4.98,5.25,38.70%,0.4,4.45,-0.91,21.70%,10.50%,11.20%,
537,2018,Austin Gomber,STL,4.26,3.7,40.50%,1,4.3,-0.07,20.80%,8.60%,12.20%,
538,2018,Jefry Rodriguez,WSN,6.75,6.32,42.00%,-0.3,5.8,-1.06,17.40%,15.70%,1.70%,
539,2018,Ariel Jurado,TEX,5.71,5.16,54.10%,0.3,4.83,-0.31,9.10%,6.80%,2.30%,
540,2018,Sean Reid-Foley,TOR,5.13,4.96,37.20%,0.2,4.21,-0.61,28.00%,14.00%,14.00%,
541,2018,Pablo López,MIA,4.14,4.49,50.00%,0.4,4.15,0.08,18.60%,7.30%,11.30%,
542,2018,Domingo Germán,NYY,6.19,4.68,39.60%,0.6,4.12,-1.45,26.20%,8.60%,17.50%,
543,2018,Thomas Pannone,TOR,4.54,5.91,34.50%,0,6.09,0.26,12.60%,9.30%,3.30%,
544,2018,Erick Fedde,WSN,5.54,4.71,53.10%,0.3,3.83,-0.43,21.20%,10.10%,11.10%,
545,2018,Heath Fillmyer,KCR,4.56,4.63,45.50%,0.6,4.56,-0.06,16.70%,9.00%,7.70%,
546,2018,Jack Flaherty,STL,3.34,3.86,42.10%,2.3,3.58,1.17,29.60%,9.60%,20.00%,
547,2018,Jacob Nix,SDP,7.02,5.83,39.70%,-0.4,5.6,-0.88,11.10%,6.80%,4.20%,
548,2018,Andrew Suárez,SFG,4.49,4.3,51.30%,1.2,3.77,-0.29,19.50%,6.80%,12.80%,
549,2018,Jaime Barria,LAA,3.41,4.58,37.10%,1.4,4.99,1.16,18.20%,8.80%,9.50%,
550,2018,Freddy Peralta,MIL,4.4,3.85,30.90%,1.1,4.35,-0.1,30.00%,12.90%,17.20%,
551,2018,Sandy Alcantara,MIA,3.44,4.75,47.70%,0.1,5.16,0.23,20.50%,15.80%,4.80%,
552,2018,Trevor Richards,MIA,4.42,4.05,35.80%,1.3,4.29,-0.5,23.80%,9.90%,13.90%,
553,2018,Eric Lauer,SDP,4.34,4.51,37.60%,0.8,4.51,-0.56,19.80%,9.10%,10.70%,
554,2018,Joey Lucchesi,SDP,4.08,4.31,44.70%,1,3.45,-0.85,26.50%,7.80%,18.60%,
555,2018,Walker Buehler,LAD,2.31,2.92,50.30%,3.3,3.15,3.01,28.40%,6.80%,21.60%,
556,2018,Shane Bieber,CLE,4.25,2.96,45.30%,2.9,3.22,0.62,25.30%,4.50%,20.70%,
557,2018,Shohei Ohtani,LAA,3.31,3.57,39.20%,1.1,3.53,0.92,29.90%,10.40%,19.40%,
558,2019,Manny Bañuelos,CHW,8.05,7.4,30.30%,-0.4,6.03,-0.72,19.30%,12.70%,6.60%,
559,2019,Merrill Kelly,ARI,4.42,4.51,42.00%,1.9,4.58,0.14,20.30%,7.30%,13.00%,
560,2019,Ryan Carpenter,DET,9.3,6.93,35.30%,-0.4,6.12,-1.73,12.70%,6.60%,6.10%,
561,2019,Adrian Houser,MIL,4.57,4.22,51.80%,1,3.71,-0.57,24.20%,7.50%,16.70%,
562,2019,Adrian Sampson,TEX,6.41,6.1,40.80%,0.1,5.09,-0.88,18.80%,5.30%,13.40%,
563,2019,Austin Voth,WSN,3.48,4.01,34.30%,0.9,4.65,0.98,24.20%,7.90%,16.40%,
564,2019,Dario Agrazal,PIT,5.05,6,39.90%,-0.1,5.95,-1.09,12.70%,5.70%,7.00%,
565,2019,Daniel Ponce de Leon,STL,4.15,4.74,46.90%,0.4,5.14,0.1,20.80%,12.80%,8.10%,
566,2019,Spencer Turnbull,DET,4.61,3.99,48.30%,2.8,4.63,-0.51,22.30%,9.00%,13.30%,
567,2019,John Means,BAL,3.73,4.48,30.60%,2.9,5.61,0.88,17.90%,5.80%,12.10%,
568,2019,Erik Swanson,SEA,7.56,6.84,32.20%,-0.3,5.27,-0.9,17.00%,3.40%,13.60%,
569,2019,Tyler Beede,SFG,5.03,5.07,44.20%,0.3,4.56,-0.66,21.30%,8.00%,13.30%,
570,2019,Justus Sheffield,SEA,5.45,4.27,52.00%,0.4,4.45,-0.15,22.10%,9.10%,13.00%,
571,2019,Framber Valdez,HOU,7.07,5.77,70.60%,0,3.88,-0.47,23.20%,13.70%,9.50%,
572,2019,Jordan Yamamoto,MIA,4.46,4.51,35.60%,0.9,4.89,-0.17,25.20%,11.10%,14.20%,
573,2019,Mitch Keller,PIT,7.13,3.19,39.20%,1.3,3.47,-1.46,28.60%,7.00%,21.60%,
574,2019,Taylor Clarke,ARI,5.88,6.21,39.80%,-0.4,5.61,-1.2,17.60%,8.30%,9.30%,
575,2019,Tyler Alexander,DET,4.54,3.91,40.80%,0.9,4.38,0,18.90%,2.70%,16.20%,
576,2019,Trent Thornton,TOR,5.04,4.8,31.00%,1.5,5.07,-0.57,21.70%,9.50%,12.20%,
577,2019,Peter Lambert,COL,7.25,5.97,47.30%,0,5.29,-1.53,13.60%,8.60%,5.00%,
578,2019,Logan Webb,SFG,5.22,4.12,48.80%,0.5,3.89,-0.33,21.30%,8.00%,13.20%,
579,2019,Jacob Waguespack,TOR,4.13,4.81,40.30%,0.7,5.33,-0.03,17.90%,8.90%,8.90%,
580,2019,Alex Young,ARI,3.86,4.95,47.10%,0.5,4.61,0.06,21.20%,8.30%,12.90%,
581,2019,Michael Soroka,ATL,2.68,3.45,51.20%,4,3.85,3.45,20.30%,5.80%,14.40%,
582,2019,José Urquidy,HOU,4.24,3.54,44.10%,0.8,3.61,0.15,25.90%,4.30%,21.60%,
583,2019,Dylan Cease,CHW,5.79,5.19,45.70%,0.7,4.42,-0.97,24.80%,10.70%,14.10%,
584,2019,Sandy Alcantara,MIA,3.88,4.55,44.60%,2.3,5.17,0.13,18.00%,9.70%,8.40%,
585,2019,Kolby Allard,TEX,4.96,4.01,45.00%,1.1,5.08,-0.08,15.90%,9.10%,6.70%,
586,2019,Robert Dugger,MIA,5.77,5.95,38.90%,-0.1,6.17,-0.68,16.00%,10.90%,5.10%,
587,2019,Dakota Hudson,STL,3.36,4.92,56.90%,1,4.53,1.41,18.00%,11.30%,6.80%,
588,2019,Zac Gallen,2 Tms,2.81,3.61,38.90%,1.6,4.15,1.38,28.70%,10.80%,18.00%,
589,2019,Cal Quantrill,SDP,5.69,4.52,42.90%,0.9,4.59,-0.73,19.50%,6.00%,13.50%,
590,2019,Patrick Sandoval,LAA,5.24,5.08,44.70%,0.2,4.37,-0.22,22.80%,11.40%,11.40%,
591,2019,Shaun Anderson,SFG,5.33,4.97,43.50%,0.4,4.91,-1.39,14.90%,8.40%,6.50%,
592,2019,Aaron Civale,CLE,2.34,3.4,40.50%,1.5,4.61,1.5,20.30%,7.00%,13.20%,
593,2019,Griffin Canning,LAA,4.18,4.26,36.70%,1.5,4.73,0.36,25.30%,7.80%,17.50%,
594,2019,José Suarez,LAA,6.85,6.68,36.10%,-0.4,5.72,-1.61,19.50%,8.50%,11.10%,
595,2019,Zach Plesac,CLE,3.81,4.94,39.10%,0.9,5.06,1.16,18.50%,8.40%,10.10%,
596,2019,Chris Paddack,SDP,3.33,3.95,40.20%,2.4,4.05,1.24,26.90%,5.50%,21.50%,
597,2019,Brendan McKay,TBR,5.4,4.14,35.30%,0.7,4.38,-0.56,25.70%,7.30%,18.40%,
598,2019,Nick Margevicius,SDP,6.41,5.84,42.50%,-0.2,5.04,-1,15.60%,7.00%,8.60%,
599,2019,Yusei Kikuchi,SEA,5.46,5.71,44.00%,0.2,5.18,-2.26,16.10%,6.90%,9.20%,
600,2020,Chris Mazza,BOS,5.01,4.69,32.00%,0.2,5.33,-0.17,18.70%,9.30%,9.30%,
601,2020,Tejay Antone,CIN,3.86,5.4,56.10%,0.1,4.66,0.2,25.70%,14.30%,11.40%,
602,2020,Ryan Castellani,COL,6.1,8.1,37.00%,-0.7,6.89,-0.15,12.70%,14.40%,-1.70%,
603,2020,Justus Sheffield,SEA,3.58,3.17,50.60%,1.6,4.27,0.64,20.70%,8.60%,12.10%,
604,2020,JT Brubaker,PIT,5.53,4.37,48.40%,0.6,4.26,-0.53,22.20%,8.60%,13.50%,
605,2020,Mitch Keller,PIT,2.91,6.75,44.20%,-0.2,6.57,0.41,18.40%,20.70%,-2.30%,
606,2020,Cristian Javier,HOU,3.68,5.28,29.30%,0.4,5.08,0.88,23.60%,8.90%,14.80%,
607,2020,Adbert Alzolay,CHC,3.31,3.56,43.20%,0.3,3.94,0.01,29.40%,14.70%,14.70%,
608,2020,Cody Ponce,PIT,2.63,5.83,34.20%,0,5.65,0.29,17.30%,9.60%,7.70%,
609,2020,Logan Webb,SFG,5.73,4.14,49.00%,0.7,4.49,-0.56,20.50%,9.60%,11.00%,
610,2020,Triston McKenzie,CLE,3.68,4.42,39.70%,0.4,3.86,0.47,31.60%,7.90%,23.70%,
611,2020,Thomas Eshelman,BAL,4.91,6.33,26.90%,0,6.07,-0.36,13.80%,6.20%,7.70%,
612,2020,José Urquidy,HOU,2.73,4.71,35.60%,0.3,5.36,0.47,14.70%,6.90%,7.80%,
613,2020,Justin Dunn,SEA,4.34,6.54,32.30%,-0.3,6.23,-0.06,19.20%,15.70%,3.50%,
614,2020,Dean Kremer,BAL,4.82,2.76,30.60%,0.7,5.14,0.33,26.50%,14.50%,12.00%,
615,2020,Keegan Akin,BAL,4.03,2.52,32.80%,0.9,3.34,-0.18,33.30%,8.80%,24.50%,
616,2020,Tony Gonsolin,LAD,1.94,1.94,34.30%,1.9,3.53,1.27,27.90%,3.90%,24.00%,
617,2020,Dane Dunning,CHW,3.97,3.99,45.10%,0.7,4.16,-0.15,24.60%,9.20%,15.50%,
618,2020,Patrick Sandoval,LAA,6.75,6.67,52.30%,-0.2,5.05,-0.88,15.70%,9.60%,6.10%,
619,2020,Kyle Wright,ATL,5.21,5.9,44.60%,-0.2,5.33,-0.41,17.90%,14.30%,3.60%,
620,2020,Sixto Sánchez,MIA,3.46,3.5,58.00%,1,4.08,0.72,20.90%,7.00%,13.90%,
621,2020,Kyle Cody,TEX,1.96,4.23,44.40%,0.4,5.83,0.27,15.80%,13.20%,2.60%,
622,2020,Dustin May,LAD,2.89,4.63,52.50%,0.5,4.25,0.5,17.40%,6.80%,10.50%,
623,2020,Daniel Castano,MIA,3.86,5.16,45.80%,0.1,5.56,-0.12,9.80%,8.80%,1.00%,
624,2020,Michael King,NYY,8.36,4.91,38.10%,0.1,5.39,-0.4,23.50%,13.20%,10.30%,
625,2020,Brandon Bielak,HOU,7.06,8.31,36.20%,-0.5,6.1,-0.43,16.20%,12.10%,4.00%,
626,2020,Tanner Houck,BOS,0.53,3.25,46.90%,0.4,3.73,0.58,33.30%,14.30%,19.00%,
627,2020,Ljay Newsome,SEA,5.68,5.48,34.80%,0,5.29,-0.02,14.30%,1.80%,12.50%,
628,2020,Ian Anderson,ATL,1.95,2.54,52.50%,1.1,3.45,0.72,29.70%,10.10%,19.60%,
629,2020,Jesús Luzardo,OAK,3.83,4.31,47.80%,0.7,3.54,0.59,25.40%,5.40%,20.00%,
630,2020,Nate Pearson,TOR,6.61,7.66,35.40%,-0.3,6.28,-0.37,18.90%,16.20%,2.70%,
631,2020,Deivi García,NYY,4.98,4.15,33.30%,0.8,4.63,0.13,22.60%,4.10%,18.50%,
632,2020,David Peterson,NYM,3.74,4.55,42.30%,0.5,5.07,0.37,20.50%,11.60%,8.90%,
633,2020,Josh Fleming,TBR,3.16,4.67,57.90%,0.2,3.64,0.14,20.40%,4.90%,15.50%,
634,2020,Huascar Ynoa,ATL,8.53,5.56,55.80%,0,5.03,-0.48,16.40%,9.80%,6.60%,
635,2020,Casey Mize,DET,6.99,6.47,38.60%,-0.2,5.37,-0.88,19.50%,9.80%,9.80%,
636,2020,Kris Bubic,KCR,4.32,4.75,46.60%,0.5,4.48,-0.55,22.10%,9.90%,12.20%,
637,2020,Tarik Skubal,DET,6,5.6,27.80%,0,4.87,-0.42,26.70%,8.60%,18.10%,
638,2020,Trevor Rogers,MIA,6.11,4.33,47.40%,0.4,3.67,-0.25,30.00%,10.00%,20.00%,
639,2020,Johan Oviedo,STL,5.47,5.3,39.50%,0.1,5.83,-0.61,14.30%,8.90%,5.40%,
640,2020,Spencer Howard,PHI,5.92,5.86,38.00%,0,5.03,-0.38,20.40%,8.80%,11.50%,
641,2020,Randy Dobnak,MIN,4.05,3.96,62.10%,0.8,4.45,0.15,13.50%,6.50%,7.00%,
642,2020,Brady Singer,KCR,4.06,4.08,53.10%,1,4.05,0.39,23.20%,8.70%,14.40%,
643,2020,Kwang Hyun Kim,STL,1.42,3.9,49.60%,0.6,4.55,1.38,16.10%,8.10%,8.10%,
644,2021,Zach Thompson,MIA,3.25,3.8,43.90%,1.1,4.51,-0.13,20.90%,8.40%,12.50%,
645,2021,Justin Steele,CHC,4.95,5.99,45.70%,-0.2,4.71,-0.54,19.80%,10.40%,9.40%,
646,2021,Spenser Watkins,BAL,7.63,5.56,34.80%,0.2,5.36,-1.34,15.00%,7.90%,7.00%,
647,2021,Adbert Alzolay,CHC,5.16,5.14,44.90%,0.4,3.89,-0.99,24.10%,7.20%,16.90%,
648,2021,Tyler Gilbert,ARI,3.47,4.49,38.30%,0.3,5.29,-0.17,14.00%,7.70%,6.30%,
649,2021,Triston McKenzie,CLE,5.03,4.73,30.80%,1.1,4.5,-0.03,27.30%,11.30%,16.10%,
650,2021,James Kaprielian,OAK,3.8,4.31,35.40%,1.2,4.62,0.62,24.20%,8.60%,15.70%,
651,2021,Josh Rogers,WSN,3.28,5.83,29.70%,0,6,0.57,14.60%,9.30%,5.30%,
652,2021,Sam Hentges,CLE,7.9,4.66,44.40%,0.4,5.46,-1.14,18.20%,13.60%,4.50%,
653,2021,Vladimir Gutierrez,CIN,4.74,5.22,43.40%,0.7,5.11,0.08,17.70%,9.30%,8.50%,
654,2021,Dean Kremer,BAL,7.55,6.99,30.40%,-0.3,5.73,-1.42,19.20%,10.20%,9.00%,
655,2021,Keegan Akin,BAL,6.9,5.74,35.10%,0.2,5.49,-1.73,18.50%,10.80%,7.70%,
656,2021,Dane Dunning,TEX,4.55,3.94,53.90%,1.9,3.93,0.1,21.90%,8.70%,13.30%,
657,2021,Wil Crowe,PIT,5.43,5.67,42.80%,-0.3,4.89,-2.12,21.00%,10.60%,10.40%,
658,2021,Alex Wells,BAL,7.05,6.6,30.20%,-0.1,5.95,-0.7,14.30%,7.10%,7.10%,
659,2021,Charlie Barnes,MIN,5.94,4.94,40.50%,0.2,6.26,-0.44,11.00%,9.10%,1.90%,
660,2021,Tanner Houck,BOS,3.68,2.64,49.00%,1.8,3.08,0.49,30.00%,6.20%,23.90%,
661,2021,Ian Anderson,ATL,3.58,4.12,49.30%,1.8,3.96,1.15,23.20%,9.90%,13.30%,
662,2021,Kyle Muller,ATL,3.79,3.73,35.60%,0.6,4.93,0.42,24.30%,13.50%,10.80%,
663,2021,Eli Morgan,CLE,5.34,5.14,29.20%,0.4,4.92,-0.47,21.40%,5.80%,15.60%,
664,2021,Griffin Jax,MIN,6.1,6.24,32.40%,-0.5,5.77,-1.34,17.80%,7.90%,9.90%,
665,2021,Matt Peacock,ARI,5.29,5.11,58.50%,0,4.32,-0.68,15.50%,7.70%,7.70%,
666,2021,Matt Manning,DET,5.8,4.62,44.50%,0.8,5.13,-0.72,14.80%,8.60%,6.20%,
667,2021,Bruce Zimmermann,BAL,5.37,5.52,38.40%,0.3,4.63,-0.61,18.90%,7.90%,10.90%,
668,2021,Josh Fleming,TBR,6.23,4.29,56.70%,0.6,4.41,-0.56,15.60%,8.00%,7.60%,
669,2021,Casey Mize,DET,3.71,4.71,48.10%,1.2,4.37,1.19,19.30%,6.70%,12.60%,
670,2021,J.C. Mejía,CLE,9.78,6.62,47.90%,-0.6,5.12,-2.11,17.80%,10.90%,6.90%,
671,2021,Humberto Castellanos,ARI,5.56,5.32,40.90%,0,5.41,-0.11,12.90%,6.10%,6.80%,
672,2021,Bailey Ober,MIN,4.19,4.56,33.10%,0.9,4.01,0.13,25.30%,5.00%,20.30%,
673,2021,Tylor Megill,NYM,4.52,4.69,42.40%,0.7,3.92,-0.43,26.10%,7.10%,19.00%,
674,2021,Shane McClanahan,TBR,3.43,3.31,45.50%,2.5,3.23,1.25,27.30%,7.20%,20.10%,
675,2021,Daniel Lynch IV,KCR,5.69,4.82,38.80%,0.6,5.22,-0.89,17.70%,10.00%,7.70%,
676,2021,Max Kranick,PIT,6.28,4.64,33.10%,0.5,5.76,-1.03,17.60%,10.40%,7.10%,
677,2021,Logan Gilbert,SEA,4.68,3.73,32.30%,2.2,4.19,-0.14,25.40%,5.60%,19.90%,
678,2021,Tarik Skubal,DET,4.39,5.06,38.60%,0.7,3.97,-0.59,26.20%,7.20%,18.90%,
679,2021,Trevor Rogers,MIA,2.64,2.55,40.10%,4.3,3.54,1.79,28.50%,8.40%,20.20%,
680,2021,Johan Oviedo,STL,5.31,5.48,47.50%,-0.1,5.36,-1.1,17.30%,12.90%,4.40%,
681,2021,Carlos Hernández,KCR,3.55,4.47,38.70%,0.6,5.42,0.71,15.80%,10.80%,5.00%,
682,2021,Luis Patiño,TBR,4.74,4.82,30.10%,0.5,5.36,-0.66,20.90%,9.60%,11.30%,
683,2021,Spencer Howard,2 Tms,7.21,5.09,37.40%,0.2,5.15,-1.48,20.70%,11.10%,9.60%,
684,2021,Luis Garcia,HOU,3.56,3.62,38.90%,3,3.91,1.85,26.30%,8.00%,18.20%,
685,2021,Ryan Weathers,SDP,6.36,6.17,43.20%,-0.5,5.07,-1.1,16.50%,8.60%,7.90%,
686,2021,Josiah Gray,2 Tms,5.27,5.75,30.90%,0.2,5.14,-0.7,23.80%,11.00%,12.80%,
687,2021,Drew Rasmussen,TBR,1.93,2.96,50.40%,1,3.85,1.09,18.20%,4.50%,13.60%,
688,2021,Alek Manoah,TOR,3.22,3.8,38.80%,2,4.17,0.69,27.70%,8.70%,19.00%,
689,2021,Kohei Arihara,TEX,6.64,6.76,40.70%,-0.6,5.5,-0.79,13.50%,7.30%,6.20%,
690,2022,Daulton Jefferies,OAK,5.72,3.77,46.60%,0.5,4.33,-1.11,16.30%,4.70%,11.60%,
691,2022,Jason Alexander,MIL,4.82,5.15,50.80%,-0.1,4.56,-0.44,13.50%,8.80%,4.80%,
692,2022,Tucker Davidson,2 Tms,6.2,5.83,45.30%,-0.3,5.69,-0.72,13.70%,14.50%,-0.90%,
693,2022,Alex Faedo,DET,5.53,4.62,31.20%,0.3,5.02,-0.83,18.00%,10.20%,7.80%,
694,2022,Joey Wentz,DET,3.03,3.54,36.60%,0.5,4.56,0.17,20.00%,9.60%,10.40%,
695,2022,Adam Oller,OAK,6.68,6.69,29.20%,-1.1,5.96,-1.85,14.20%,10.80%,3.40%,
696,2022,Zach Logue,OAK,6.2,5.61,27.80%,-0.3,5.2,-1.59,17.20%,7.40%,9.80%,
697,2022,Cory Abbott,WSN,6,6.75,29.90%,-0.5,5.93,-0.64,19.80%,12.60%,7.10%,
698,2022,Kutter Crawford,BOS,5.43,4.51,32.20%,0.4,4.35,-0.67,21.20%,7.70%,13.50%,
699,2022,Adrián Martínez,OAK,6.24,5.35,41.30%,-0.3,4.11,-1.55,20.50%,7.30%,13.10%,
700,2022,Glenn Otto,TEX,4.64,5.21,43.10%,0,4.82,-1.37,18.20%,10.60%,7.70%,
701,2022,Joe Ryan,MIN,3.55,3.99,27.70%,2.2,4.35,1.23,25.00%,7.80%,17.20%,
702,2022,Ryan Feltner,COL,6.03,4.79,40.80%,0.6,4.42,-1.34,19.90%,8.00%,11.90%,
703,2022,Davis Martin,CHW,5.48,4.2,35.50%,0.6,4.5,-0.7,17.60%,7.80%,9.80%,
704,2022,Konnor Pilkington,CLE,4.41,4.68,39.10%,0.2,4.92,-0.76,19.00%,12.10%,6.90%,
705,2022,Edward Cabrera,MIA,3.01,4.59,45.30%,0.4,4.12,1.33,25.80%,11.30%,14.40%,
706,2022,Javier Assad,CHC,2.95,4.64,38.10%,0.3,5.08,0.35,17.40%,12.40%,5.00%,
707,2022,Braxton Garrett,MIA,3.58,3.56,47.80%,1.5,3.5,-0.14,24.10%,6.40%,17.70%,
708,2022,Cole Ragans,TEX,4.95,4.91,36.20%,0.2,4.85,-0.49,15.50%,9.20%,6.30%,
709,2022,Hunter Greene,CIN,4.44,4.37,29.30%,1.6,3.64,0.7,30.90%,9.00%,21.80%,
710,2022,MacKenzie Gore,SDP,4.27,3.98,36.80%,0.9,4.42,0.74,23.10%,11.50%,11.50%,
711,2022,Jonathan Heasley,KCR,5.28,5.67,37.20%,-0.4,5.49,-1.32,15.10%,10.10%,4.90%,
712,2022,Josh Winckowski,BOS,5.75,5.07,51.30%,0,4.66,-0.89,13.60%,8.60%,5.00%,
713,2022,Roansy Contreras,PIT,3.81,4.43,35.00%,0.8,4.61,0.23,20.20%,9.50%,10.60%,
714,2022,Joan Adon,WSN,7.1,5.11,47.80%,0.1,5.06,-1.97,17.70%,12.60%,5.20%,
715,2022,JP Sears,2 Tms,4.27,4.61,38.30%,0.4,4.85,0.18,16.00%,8.40%,7.60%,
716,2022,Brayan Bello,BOS,4.82,2.92,52.90%,1.2,3.83,-0.64,20.00%,9.80%,10.20%,
717,2022,Kyle Bradish,BAL,4.9,4.46,45.60%,0.7,4.01,-0.36,21.80%,9.00%,12.80%,
718,2022,Josh Winder,MIN,4.42,4.49,32.50%,0.4,4.68,-0.53,18.30%,5.80%,12.50%,
719,2022,Garrett Hill,DET,4.22,5.43,38.00%,-0.1,5.83,-0.3,11.40%,9.70%,1.60%,
720,2022,George Kirby,SEA,3.39,2.99,45.50%,2.9,3.33,-0.11,24.50%,4.10%,20.50%,
721,2022,Beau Brieske,DET,4.19,4.97,37.50%,0.1,4.78,-0.13,15.90%,7.40%,8.60%,
722,2022,Andre Pallante,STL,3.98,4.01,61.40%,0.6,3.42,-0.05,17.50%,7.00%,10.50%,
723,2022,Tommy Henry,ARI,5.36,5.88,39.40%,-0.4,4.97,-0.28,17.60%,10.20%,7.30%,
724,2022,Nick Lodolo,CIN,3.66,3.9,46.00%,1.9,3.49,1.04,29.70%,8.80%,20.90%,
725,2022,Reid Detmers,LAA,3.77,3.79,36.00%,2.2,4.2,-0.17,22.60%,8.50%,14.10%,
726,2022,Spencer Strider,ATL,2.77,1.92,42.00%,4.1,2.2,2,38.10%,7.90%,30.30%,
727,2022,Graham Ashcraft,CIN,4.89,4.21,54.50%,1.4,4.09,-0.3,15.30%,6.50%,8.80%,
728,2022,Ken Waldichuk,OAK,4.93,4.3,35.40%,0.3,4.26,-0.1,22.60%,6.80%,15.80%,
729,2022,Bryce Elder,ATL,2.79,3.83,50.70%,0.7,4.11,0.63,21.00%,10.70%,10.30%,
730,2023,Jesse Scholtens,CHW,5.87,5.32,42.80%,0.2,5.12,-1.29,15.60%,7.40%,8.20%,
731,2023,Ronel Blanco,HOU,4.74,6.91,37.30%,-0.5,5.28,-0.41,22.00%,13.20%,8.80%,
732,2023,Connor Seabold,COL,7.63,6.66,31.20%,-0.4,5.99,-1.15,15.10%,7.70%,7.40%,
733,2023,Joey Wentz,DET,7.73,6.01,36.50%,-0.4,5.4,-2.7,17.90%,9.70%,8.20%,
734,2023,Kyle Muller,OAK,8.1,6.24,44.10%,-0.5,5.3,-2.02,15.70%,10.60%,5.10%,
735,2023,J.P. France,HOU,3.92,4.69,43.10%,1.2,4.79,0.5,17.20%,7.80%,9.40%,
736,2023,Jake Irvin,WSN,4.61,5.3,42.80%,0.7,5.14,-0.69,18.70%,10.20%,8.50%,
737,2023,Luis Medina,OAK,5.47,4.89,45.90%,0.4,4.88,-1.52,19.80%,12.10%,7.80%,
738,2023,Javier Assad,CHC,3.02,4.93,45.60%,0.3,4.48,0.9,19.00%,8.10%,10.90%,
739,2023,Matthew Liberatore,STL,5.88,4.4,42.50%,0.7,5.26,-1.36,15.00%,8.80%,6.20%,
740,2023,Taj Bradley,TBR,5.52,4.72,37.00%,0.9,3.8,-1.59,28.40%,8.70%,19.80%,
741,2023,Osvaldo Bido,PIT,5.71,4.29,34.30%,0.5,4.93,-0.39,20.20%,8.60%,11.70%,
742,2023,Michael Grove,LAD,6.75,4.81,38.60%,0.4,3.84,-1.19,24.80%,6.40%,18.40%,
743,2023,José Buttó,NYM,3.16,4.17,43.80%,0.5,4.91,0.5,19.70%,12.10%,7.60%,
744,2023,Grayson Rodriguez,BAL,4.35,3.93,47.20%,1.8,3.78,0.68,25.00%,8.20%,16.90%,
745,2023,Drew Rom,STL,8.02,5.75,39.50%,-0.1,5.6,-0.8,18.80%,11.20%,7.60%,
746,2023,Reese Olson,DET,4.32,4.22,43.30%,1.1,3.8,-0.4,25.10%,8.20%,16.90%,
747,2023,Jhony Brito,NYY,6.32,6.33,42.40%,-0.4,5.38,-1.05,16.40%,9.10%,7.30%,
748,2023,Brandon Williamson,CIN,4.46,4.63,37.40%,1.8,4.72,0.24,20.00%,7.90%,12.00%,
749,2023,Xzavion Curry,CLE,5.24,4.54,31.80%,0.4,5.57,-0.79,17.00%,8.80%,8.20%,
750,2023,Peyton Battenfield,CLE,4.68,4.85,42.60%,0.2,4.53,-0.52,18.70%,6.00%,12.70%,
751,2023,Hunter Brown,HOU,5.19,4.37,51.90%,1.8,3.49,-1.26,27.10%,8.10%,19.00%,
752,2023,Quinn Priester,PIT,7.88,6.71,51.10%,-0.4,5.23,-1.19,15.60%,12.50%,3.10%,
753,2023,Ryne Nelson,ARI,5.53,5.17,36.80%,0.7,5.31,-1.27,15.20%,7.30%,7.80%,
754,2023,Alec Marsh,KCR,7.64,7.84,28.70%,-0.8,5.26,-1.41,24.40%,11.90%,12.50%,
755,2023,Jared Shuster,ATL,5.81,5.38,35.70%,0,6.13,-0.73,13.00%,11.30%,1.70%,
756,2023,Bobby Miller,LAD,3.76,3.51,47.70%,2.8,3.75,1.09,23.60%,6.30%,17.20%,
757,2023,Hayden Wesneski,CHC,5.51,6.26,35.80%,-0.4,4.5,-0.59,19.00%,5.70%,13.30%,
758,2023,Logan Allen,CLE,3.81,4.19,42.70%,1.7,4.28,0.39,22.20%,8.90%,13.20%,
759,2023,Cody Bradford,TEX,6.95,4.77,27.50%,0.3,4.86,-0.64,20.00%,7.30%,12.70%,
760,2023,Luis L. Ortiz,PIT,4.93,5.89,49.40%,-0.4,5.47,-0.9,14.20%,12.40%,1.80%,
761,2023,Ken Waldichuk,OAK,5.33,5.86,35.50%,-0.5,5.22,-0.78,20.60%,11.10%,9.40%,
762,2023,Louis Varland,MIN,5.3,5.49,42.60%,-0.1,4.24,-0.31,22.40%,6.60%,15.80%,
763,2023,Kyle Harrison,SFG,4.15,5.53,26.80%,-0.1,5.01,-0.2,23.80%,7.50%,16.30%,
764,2023,Eury Pérez,MIA,3.15,4.11,25.40%,1.5,4.24,1.48,28.90%,8.30%,20.60%,
765,2023,Brandon Pfaadt,ARI,5.7,4.93,32.50%,0.5,4.37,-1.12,22.70%,6.30%,16.40%,
766,2023,Bryce Miller,SEA,4.32,3.98,33.50%,1.9,4.31,0.83,22.20%,4.80%,17.30%,
767,2023,Emmet Sheehan,LAD,5.23,4.81,33.10%,0.5,4.91,-0.37,25.00%,11.20%,13.80%,
768,2023,Andrew Abbott,CIN,3.87,4.2,28.60%,2.2,4.56,1.2,26.10%,9.60%,16.60%,
769,2023,Dylan Dodd,ATL,7.6,6.92,35.60%,-0.5,6.5,-0.78,9.10%,7.30%,1.80%,
770,2023,Chase Silseth,LAA,3.89,4.53,42.40%,0.4,3.36,0.44,29.90%,9.10%,20.80%,
771,2023,Jordan Wicks,CHC,4.41,4.7,46.80%,0.3,4.3,0.25,16.30%,7.50%,8.80%,
772,2023,Gavin Williams,CLE,3.29,4.05,38.10%,1.1,4.53,0.88,23.50%,10.70%,12.80%,
773,2023,Tanner Bibee,CLE,2.98,3.52,36.80%,3,4.22,2.49,24.10%,7.70%,16.40%,
774,2023,Bryan Woo,SEA,4.21,4.36,40.30%,0.9,4.26,-0.58,25.10%,8.40%,16.70%,
775,2023,Kodai Senga,NYM,2.98,3.63,44.70%,3.4,3.77,2.52,29.10%,11.10%,18.00%,
776,2024,Grant Holmes,ATL,4.01,3.91,45.20%,0.5,3.3,-0.22,28.20%,6.30%,21.80%,
777,2024,Tyler Phillips,PHI,7.44,5.89,43.50%,-0.1,4.65,-0.89,14.50%,4.80%,9.70%,
778,2024,Luis Gil,NYY,3.5,4.14,35.60%,2.2,4.36,1.68,26.80%,12.10%,14.80%,
779,2024,Tobias Myers,MIL,3.11,4.05,37.60%,1.9,4.07,0.77,21.80%,6.50%,15.20%,
780,2024,Keider Montero,DET,4.27,4.85,40.50%,0.3,4.35,-0.21,17.50%,7.30%,10.10%,
781,2024,José Buttó,NYM,3.08,4.17,39.80%,0.5,4.69,0.3,24.40%,13.50%,10.90%,
782,2024,Joey Cantillo,CLE,5.11,4.17,48.50%,0.4,3.45,-0.45,27.20%,9.50%,17.70%,
783,2024,Keaton Winn,SFG,7.16,4.85,50.00%,0,4.07,-1.37,20.20%,8.40%,11.80%,
784,2024,Ben Brown,CHC,3.23,3.45,34.40%,0.9,3.9,0.64,28.30%,9.20%,19.10%,
785,2024,Valente Bellozo,MIA,3.67,5.73,30.00%,-0.1,5.47,0.24,14.90%,7.10%,7.80%,
786,2024,Simeon Woods Richardson,MIN,4.17,4.12,35.30%,1.8,4.55,0.95,20.60%,8.40%,12.10%,
787,2024,Randy Vásquez,SDP,4.87,4.7,38.70%,0.8,4.9,-0.52,14.40%,6.70%,7.70%,
788,2024,Cooper Criswell,BOS,3.49,4.21,51.60%,1,4.18,0.47,19.00%,6.80%,12.20%,
789,2024,Roddery Muñoz,MIA,6.64,7.37,33.50%,-1.6,5.25,-2.51,18.90%,10.60%,8.40%,
790,2024,Joey Estes,OAK,5.11,4.93,24.90%,0.7,5.2,-0.96,17.30%,4.70%,12.60%,
791,2024,DJ Herz,WSN,4.16,3.71,36.40%,1.7,3.85,0.59,27.70%,9.40%,18.30%,
792,2024,Emerson Hancock,SEA,4.75,5.69,34.70%,-0.4,5.24,-0.84,14.70%,7.10%,7.50%,
793,2024,Max Meyer,MIA,5.68,5.9,50.00%,-0.3,4.43,-0.84,18.50%,7.70%,10.90%,
794,2024,Landon Knack,LAD,3.65,4.88,29.50%,0.4,4.18,0.26,24.90%,7.30%,17.60%,
795,2024,Slade Cecconi,ARI,5.75,4.2,33.70%,0.7,4.56,-0.68,19.60%,5.00%,14.60%,
796,2024,Mitchell Parker,WSN,4.29,3.85,38.00%,2.4,4.17,-0.61,20.60%,6.70%,13.90%,
797,2024,Tanner Gordon,COL,8.65,6.14,37.70%,-0.2,4.51,-1.43,16.30%,3.80%,12.50%,
798,2024,Carson Spiers,CIN,6.62,6.3,39.50%,-0.2,4.41,-0.79,20.30%,6.50%,13.80%,
799,2024,Jack Kochanowicz,LAA,3.99,4.62,57.00%,0.6,4.48,0.21,9.40%,3.80%,5.60%,
800,2024,Mitch Spence,OAK,4.64,4.37,47.40%,1.1,4.27,-1.43,18.80%,6.70%,12.10%,
801,2024,Kyle Harrison,SFG,4.56,4.33,40.90%,0.8,4.23,-0.48,22.20%,7.90%,14.30%,
802,2024,Gavin Stone,LAD,3.53,4.01,44.20%,2,4.02,1.16,20.00%,6.40%,13.60%,
803,2024,Jared Jones,PIT,4.14,4,38.70%,1.8,3.78,0.74,26.20%,7.70%,18.50%,
804,2024,Joe Boyle,OAK,6.54,4.55,34.80%,0.3,4.93,-0.92,24.50%,16.50%,8.00%,
805,2024,Spencer Arrighetti,HOU,4.61,4.17,35.80%,1.6,3.98,-0.31,26.90%,10.00%,16.90%,
806,2024,Cade Povich,BAL,5.2,4.79,35.20%,0.5,4.99,-0.95,19.60%,9.70%,9.90%,
807,2024,David Festa,MIN,5.1,3.72,37.80%,1.1,3.6,-0.53,27.10%,8.10%,19.00%,
808,2024,Jordan Wicks,CHC,5.7,5.51,38.70%,-0.2,4.72,-1,20.10%,9.50%,10.60%,
809,2024,Christian Scott,NYM,4.56,4.6,32.40%,0.4,4.71,-0.29,19.80%,6.10%,13.70%,
810,2024,Mason Black,SFG,5.88,5.1,31.80%,-0.1,5.12,-0.62,18.70%,8.40%,10.30%,
811,2024,Hayden Birdsong,SFG,4.75,4.67,39.80%,0.1,4.21,-0.16,27.90%,13.70%,14.30%,
812,2024,Jonathan Cannon,CHW,4.53,4.85,37.50%,0.9,4.73,0.07,17.20%,7.90%,9.30%,
813,2024,Zebby Matthews,MIN,6.69,5.72,38.00%,-0.2,4.05,-0.8,24.30%,6.20%,18.10%,
814,2024,Spencer Schwellenbach,ATL,3.35,3.29,41.60%,2.6,3.34,1.25,25.40%,4.60%,20.80%,
815,2024,Adam Mazur,SDP,7.49,6.23,33.60%,-0.3,6.2,-1.14,13.90%,13.30%,0.60%,
816,2024,Drew Thorpe,CHW,5.48,5.87,36.20%,-0.1,5.81,-0.08,13.20%,11.10%,2.10%,
817,2024,Paul Skenes,PIT,1.96,2.44,51.30%,4.3,2.54,3.69,33.10%,6.20%,26.80%,
818,2024,Yoshinobu Yamamoto,LAD,3,2.61,47.90%,2.8,2.86,0.96,28.50%,6.00%,22.60%,
819,2024,Shota Imanaga,CHC,2.91,3.72,37.20%,3,3.62,1.66,25.10%,4.00%,21.00%,
820,2024,Yariel Rodríguez,TOR,4.47,4.34,37.40%,1,4.42,-0.06,23.10%,10.90%,12.20%,